6973;01/12/2020;27/12/2020;71008;0;0;3992;75000;;;due;5042;8;;2;yes;0;%;Monterrey;television;no;0;no;Activo;0
6974;01/12/2020;27/12/2020;71841;0;0;3992;75833;;;due;5741;8;;3;yes;0;%;Monterrey;television;5Megas;0;no;Activo;0
6975;01/12/2020;27/12/2020;71008;0;0;3992;75000;;;due;5043;8;;3;yes;0;%;Monterrey;television;3Megas;0;no;Activo;0
6976;01/12/2020;27/12/2020;0;0;0;0;0;;;due;5044;8;;2;yes;0;%;Monterrey;television;3Megas;0;no;Activo;0
6977;01/12/2020;27/12/2020;26841;0;0;3992;30833;;;due;5742;8;;2;yes;0;%;Monterrey;television;no;0;no;Activo;0
6978;01/12/2020;27/12/2020;51008;0;0;3992;55000;;;due;5045;8;;2;yes;0;%;Monterrey;television;3Megas;0;no;Activo;0
6979;01/12/2020;27/12/2020;51008;0;0;3992;55000;;;due;5046;8;;2;yes;0;%;Monterrey;television;3Megas;0;no;Activo;0
6980;01/12/2020;27/12/2020;51422;0;0;3992;55414;;;due;5047;8;;2;yes;0;%;Monterrey;television;no;0;no;Activo;0
6981;01/12/2020;27/12/2020;0;0;0;0;0;;;due;5048;8;;1;yes;0;%;Monterrey;television;no;0;no;Activo;0
6982;01/12/2020;27/12/2020;71008;0;0;3992;75000;;;due;5049;8;;2;yes;0;%;Monterrey;television;no;0;no;Activo;0
6983;01/12/2020;27/12/2020;73508;0;0;3992;77500;;;due;5743;8;;3;yes;0;%;Monterrey;television;5Megas;0;no;Activo;0
6984;01/12/2020;27/12/2020;26008;0;0;3992;30000;;;due;5744;8;;2;yes;0;%;Monterrey;television;no;0;no;Activo;0
6985;01/12/2020;27/12/2020;21008;0;0;3992;25000;;;due;5050;8;;1;yes;0;%;Monterrey;television;no;0;no;Activo;0
6986;01/12/2020;27/12/2020;21008;0;0;3992;25000;;;due;5051;8;;1;yes;0;%;Monterrey;television;no;0;no;Activo;0
6987;01/12/2020;27/12/2020;96008;0;0;3992;100000;;;due;5052;8;;2;yes;0;%;Monterrey;television;no;0;no;Activo;0
6988;01/12/2020;27/12/2020;21841;0;0;3992;25833;;;due;5745;8;;2;yes;0;%;Monterrey;television;no;0;no;Activo;0
6989;01/12/2020;27/12/2020;21841;0;0;3992;25833;;;due;5746;8;;2;yes;0;%;Monterrey;television;no;0;no;Activo;0
6990;01/12/2020;27/12/2020;62342;0;0;3992;66334;;;due;5053;8;;3;yes;0;%;Monterrey;television;5Megas;0;no;Activo;0
6991;01/12/2020;27/12/2020;61008;0;0;3992;65000;;;due;5054;8;;2;yes;0;%;Monterrey;television;5Megas;0;no;Activo;0
6992;01/12/2020;27/12/2020;21008;0;0;3992;25000;;;due;5055;8;;2;yes;0;%;Monterrey;television;5Megas;0;no;Activo;0
6993;01/12/2020;27/12/2020;21008;0;0;3992;25000;;;due;5056;8;;1;yes;0;%;Monterrey;television;no;0;no;Activo;0
6994;01/12/2020;27/12/2020;21841;0;0;3992;25833;;;due;5747;8;;2;yes;0;%;Monterrey;television;no;0;no;Activo;0
6995;01/12/2020;27/12/2020;46008;0;0;3992;50000;;;due;5057;8;;2;yes;0;%;Monterrey;television;no;0;no;Activo;0
6996;01/12/2020;27/12/2020;46008;0;0;3992;50000;;;due;5058;8;;2;yes;0;%;Monterrey;television;no;0;no;Activo;0
6997;01/12/2020;27/12/2020;46008;0;0;3992;50000;;;due;5059;8;;2;yes;0;%;Monterrey;television;no;0;no;Activo;0
6998;01/12/2020;27/12/2020;56008;0;0;3992;60000;;;due;5060;8;;2;yes;0;%;Monterrey;television;no;0;no;Activo;0
6999;01/12/2020;27/12/2020;46008;0;0;3992;50000;;;due;5061;8;;2;yes;0;%;Monterrey;television;no;0;no;Activo;0
7000;01/12/2020;27/12/2020;51008;0;0;3992;55000;;;due;5062;8;;2;yes;0;%;Monterrey;television;3Megas;0;no;Activo;0
7001;01/12/2020;27/12/2020;46008;0;0;3992;50000;;;due;5063;8;;2;yes;0;%;Monterrey;television;no;0;no;Activo;0
7002;01/12/2020;27/12/2020;21008;0;0;3992;25000;;;due;5064;8;;1;yes;0;%;Monterrey;television;no;0;no;Activo;0
7003;01/12/2020;27/12/2020;76008;0;0;3992;80000;;;due;5065;8;;3;yes;0;%;Monterrey;television;3Megas;0;no;Activo;0
7004;01/12/2020;27/12/2020;46008;0;0;3992;50000;;;due;5066;8;;2;yes;0;%;Monterrey;television;no;0;no;Activo;0
7005;01/12/2020;27/12/2020;21008;0;0;3992;25000;;;due;5067;8;;1;yes;0;%;Monterrey;television;no;0;no;Activo;0
7006;01/12/2020;27/12/2020;21008;0;0;3992;25000;;;due;5068;8;;1;yes;0;%;Monterrey;television;no;0;no;Activo;0
7007;01/12/2020;27/12/2020;46008;0;0;3992;50000;;;due;5069;8;;2;yes;0;%;Monterrey;television;no;0;no;Activo;0
7008;01/12/2020;27/12/2020;46508;0;0;3992;50500;;;due;5070;8;;2;yes;0;%;Monterrey;television;no;0;no;Activo;0
7009;01/12/2020;27/12/2020;51008;0;0;3992;55000;;;due;5071;8;;2;yes;0;%;Monterrey;television;3Megas;0;no;Activo;0
7010;01/12/2020;27/12/2020;71008;0;0;3992;75000;;;due;5072;8;;2;yes;0;%;Monterrey;television;no;0;no;Activo;0
7011;01/12/2020;27/12/2020;21008;0;0;3992;25000;;;due;5073;8;;1;yes;0;%;Monterrey;television;no;0;no;Activo;0
7012;01/12/2020;27/12/2020;21008;0;0;3992;25000;;;due;5074;8;;1;yes;0;%;Monterrey;television;no;0;no;Activo;0
7013;01/12/2020;27/12/2020;61008;0;0;3992;65000;;;due;5075;8;;2;yes;0;%;Monterrey;television;5Megas;0;no;Activo;0
7014;01/12/2020;27/12/2020;61008;0;0;3992;65000;;;due;5076;8;;2;yes;0;%;Monterrey;television;5Megas;0;no;Activo;0
7015;01/12/2020;27/12/2020;0;0;0;0;0;;;due;5077;8;;1;yes;0;%;Monterrey;television;no;0;no;Activo;0
7016;01/12/2020;27/12/2020;61008;0;0;3992;65000;;;due;5078;8;;2;yes;0;%;Monterrey;television;5Megas;0;no;Activo;0
7017;01/12/2020;27/12/2020;51008;0;0;3992;55000;;;due;5079;8;;2;yes;0;%;Monterrey;television;3Megas;0;no;Activo;0
7018;01/12/2020;27/12/2020;51008;0;0;3992;55000;;;due;5080;8;;2;yes;0;%;Monterrey;television;3Megas;0;no;Activo;0
7019;01/12/2020;27/12/2020;46008;0;0;3992;50000;;;due;5081;8;;2;yes;0;%;Monterrey;television;no;0;no;Activo;0
7020;01/12/2020;27/12/2020;61008;0;0;3992;65000;;;due;5082;8;;2;yes;0;%;Monterrey;television;5Megas;0;no;Activo;0
7021;01/12/2020;27/12/2020;44395;0;0;3992;48387;;;due;5083;8;;2;yes;0;%;Monterrey;television;no;0;no;Activo;0
7022;01/12/2020;27/12/2020;46008;0;0;3992;50000;;;due;5084;8;;2;yes;0;%;Monterrey;television;no;0;no;Activo;0
7023;01/12/2020;27/12/2020;82943;0;0;3992;86935;;;due;5085;8;;2;yes;0;%;Monterrey;television;no;0;no;Activo;0
7024;01/12/2020;27/12/2020;46008;0;0;3992;50000;;;due;5086;8;;2;yes;0;%;Monterrey;television;no;0;no;Activo;0
7025;01/12/2020;27/12/2020;31841;0;0;3992;35833;;;due;5087;8;;2;yes;0;%;Monterrey;television;no;0;no;Activo;0
7026;01/12/2020;27/12/2020;71008;0;0;3992;75000;;;due;5088;8;;2;yes;0;%;Monterrey;television;no;0;no;Activo;0
7027;01/12/2020;27/12/2020;51008;0;0;3992;55000;;;due;5089;8;;2;yes;0;%;Monterrey;television;3Megas;0;no;Activo;0
7028;01/12/2020;27/12/2020;79341;0;0;3992;83333;;;due;5090;8;;3;yes;0;%;Monterrey;television;5Megas;0;no;Activo;0
7029;01/12/2020;27/12/2020;61008;0;0;3992;65000;;;due;5091;8;;2;yes;0;%;Monterrey;television;5Megas;0;no;Activo;0
7030;01/12/2020;27/12/2020;21008;0;0;3992;25000;;;due;5092;8;;1;yes;0;%;Monterrey;television;no;0;no;Activo;0
7031;01/12/2020;27/12/2020;21008;0;0;3992;25000;;;due;5093;8;;1;yes;0;%;Monterrey;television;no;0;no;Activo;0
7032;01/12/2020;27/12/2020;46008;0;0;3992;50000;;;due;5094;8;;2;yes;0;%;Monterrey;television;no;0;no;Activo;0
7033;01/12/2020;27/12/2020;61008;0;0;3992;65000;;;due;5095;8;;2;yes;0;%;Monterrey;television;5Megas;0;no;Activo;0
7034;01/12/2020;27/12/2020;21008;0;0;3992;25000;;;due;5096;8;;1;yes;0;%;Monterrey;television;no;0;no;Activo;0
7035;01/12/2020;27/12/2020;21008;0;0;3992;25000;;;due;5097;8;;1;yes;0;%;Monterrey;television;no;0;no;Activo;0
7036;01/12/2020;27/12/2020;51008;0;0;3992;55000;;;due;5098;8;;2;yes;0;%;Monterrey;television;3Megas;0;no;Activo;0
7037;01/12/2020;27/12/2020;51008;0;0;3992;55000;;;due;5099;8;;2;yes;0;%;Monterrey;television;3Megas;0;no;Activo;0
7038;01/12/2020;27/12/2020;46008;0;0;3992;50000;;;due;5100;8;;2;yes;0;%;Monterrey;television;no;0;no;Activo;0
7039;01/12/2020;27/12/2020;21008;0;0;3992;25000;;;due;5101;8;;1;yes;0;%;Monterrey;television;no;0;no;Activo;0
7040;01/12/2020;27/12/2020;22621;0;0;3992;26613;;;due;5102;8;;2;yes;0;%;Monterrey;television;no;0;no;Activo;0
7041;01/12/2020;27/12/2020;71008;0;0;3992;75000;;;due;5103;8;;2;yes;0;%;Monterrey;television;no;0;no;Activo;0
7042;01/12/2020;27/12/2020;33508;0;0;3992;37500;;;due;5104;8;;2;yes;0;%;Monterrey;television;no;0;no;Activo;0
7043;01/12/2020;27/12/2020;146008;0;0;3992;150000;;;due;5105;8;;3;yes;0;%;Monterrey;television;5Megas;0;no;Activo;0
7044;01/12/2020;27/12/2020;31841;0;0;3992;35833;;;due;5748;8;;2;yes;0;%;Monterrey;television;no;0;no;Activo;0
7045;01/12/2020;27/12/2020;51008;0;0;3992;55000;;;due;5106;8;;2;yes;0;%;Monterrey;television;3Megas;0;no;Activo;0
7046;01/12/2020;27/12/2020;63750;0;0;3992;67742;;;due;5107;8;;2;yes;0;%;Monterrey;television;no;0;no;Activo;0
7047;01/12/2020;27/12/2020;106008;0;0;3992;110000;;;due;5108;8;;3;yes;0;%;Monterrey;television;5Megas;0;no;Activo;0
7048;01/12/2020;27/12/2020;61008;0;0;3992;65000;;;due;5109;8;;2;yes;0;%;Monterrey;television;5Megas;0;no;Activo;0
7049;01/12/2020;27/12/2020;65175;0;0;3992;69167;;;due;5110;8;;2;yes;0;%;Monterrey;television;no;0;no;Activo;0
7050;01/12/2020;27/12/2020;46008;0;0;3992;50000;;;due;5111;8;;2;yes;0;%;Monterrey;television;no;0;no;Activo;0
7051;01/12/2020;27/12/2020;71008;0;0;3992;75000;;;due;5112;8;;2;yes;0;%;Monterrey;television;no;0;no;Activo;0
7052;01/12/2020;27/12/2020;51008;0;0;3992;55000;;;due;5113;8;;2;yes;0;%;Monterrey;television;3Megas;0;no;Activo;0
7053;01/12/2020;27/12/2020;21008;0;0;3992;25000;;;due;5114;8;;1;yes;0;%;Monterrey;television;no;0;no;Activo;0
7054;01/12/2020;27/12/2020;61008;0;0;3992;65000;;;due;5115;8;;2;yes;0;%;Monterrey;television;5Megas;0;no;Activo;0
7055;01/12/2020;27/12/2020;81008;0;0;3992;85000;;;due;5116;8;;2;yes;0;%;Monterrey;television;no;0;no;Activo;0
7056;01/12/2020;27/12/2020;21008;0;0;3992;25000;;;due;5117;8;;1;yes;0;%;Monterrey;television;no;0;no;Activo;0
7057;01/12/2020;27/12/2020;21008;0;0;3992;25000;;;due;5118;8;;1;yes;0;%;Monterrey;television;no;0;no;Activo;0
7058;01/12/2020;27/12/2020;69395;0;0;3992;73387;;;due;5119;8;;2;yes;0;%;Monterrey;television;no;0;no;Activo;0
7059;01/12/2020;27/12/2020;21008;0;0;3992;25000;;;due;5120;8;;1;yes;0;%;Monterrey;television;no;0;no;Activo;0
7060;01/12/2020;27/12/2020;61008;0;0;3992;65000;;;due;5121;8;;2;yes;0;%;Monterrey;television;5Megas;0;no;Activo;0
7061;01/12/2020;27/12/2020;21008;0;0;3992;25000;;;due;5122;8;;1;yes;0;%;Monterrey;television;no;0;no;Activo;0
7062;01/12/2020;27/12/2020;21008;0;0;3992;25000;;;due;5123;8;;1;yes;0;%;Monterrey;television;no;0;no;Activo;0
7063;01/12/2020;27/12/2020;51008;0;0;3992;55000;;;due;5124;8;;2;yes;0;%;Monterrey;television;3Megas;0;no;Activo;0
7064;01/12/2020;27/12/2020;46008;0;0;3992;50000;;;due;5125;8;;2;yes;0;%;Monterrey;television;no;0;no;Activo;0
7065;01/12/2020;27/12/2020;106008;0;0;3992;110000;;;due;5126;8;;3;yes;0;%;Monterrey;television;3Megas;0;no;Activo;0
7066;01/12/2020;27/12/2020;71008;0;0;3992;75000;;;due;5127;8;;2;yes;0;%;Monterrey;television;no;0;no;Activo;0
7067;01/12/2020;27/12/2020;46008;0;0;3992;50000;;;due;5128;8;;2;yes;0;%;Monterrey;television;no;0;no;Activo;0
7068;01/12/2020;27/12/2020;21008;0;0;3992;25000;;;due;5129;8;;1;yes;0;%;Monterrey;television;no;0;no;Activo;0
7069;01/12/2020;27/12/2020;71008;0;0;3992;75000;;;due;5130;8;;2;yes;0;%;Monterrey;television;no;0;no;Activo;0
7070;01/12/2020;27/12/2020;21008;0;0;3992;25000;;;due;5131;8;;1;yes;0;%;Monterrey;television;no;0;no;Activo;0
7071;01/12/2020;27/12/2020;21008;0;0;3992;25000;;;due;5132;8;;1;yes;0;%;Monterrey;television;no;0;no;Activo;0
7072;01/12/2020;27/12/2020;61008;0;0;3992;65000;;;due;5133;8;;2;yes;0;%;Monterrey;television;5Megas;0;no;Activo;0
7073;01/12/2020;27/12/2020;71008;0;0;3992;75000;;;due;5134;8;;2;yes;0;%;Monterrey;television;no;0;no;Activo;0
7074;01/12/2020;27/12/2020;21008;0;0;3992;25000;;;due;5135;8;;1;yes;0;%;Monterrey;television;no;0;no;Activo;0
7075;01/12/2020;27/12/2020;56841;0;0;3992;60833;;;due;5136;8;;2;yes;0;%;Monterrey;television;no;0;no;Activo;0
7076;01/12/2020;27/12/2020;46008;0;0;3992;50000;;;due;5137;8;;2;yes;0;%;Monterrey;television;no;0;no;Activo;0
7077;01/12/2020;27/12/2020;51008;0;0;3992;55000;;;due;5138;8;;2;yes;0;%;Monterrey;television;3Megas;0;no;Activo;0
7078;01/12/2020;27/12/2020;46008;0;0;3992;50000;;;due;5139;8;;2;yes;0;%;Monterrey;television;no;0;no;Activo;0
7079;01/12/2020;27/12/2020;46008;0;0;3992;50000;;;due;5140;8;;2;yes;0;%;Monterrey;television;no;0;no;Activo;0
7080;01/12/2020;27/12/2020;46008;0;0;3992;50000;;;due;5141;8;;3;yes;0;%;Monterrey;television;5Megas;0;no;Activo;0
7081;01/12/2020;27/12/2020;46008;0;0;3992;50000;;;due;5142;8;;2;yes;0;%;Monterrey;television;no;0;no;Activo;0
7082;01/12/2020;27/12/2020;31008;0;0;3992;35000;;;due;5143;8;;2;yes;0;%;Monterrey;television;no;0;no;Activo;0
7083;01/12/2020;27/12/2020;51008;0;0;3992;55000;;;due;5144;8;;2;yes;0;%;Monterrey;television;3Megas;0;no;Activo;0
7084;01/12/2020;27/12/2020;21008;0;0;3992;25000;;;due;5145;8;;1;yes;0;%;Monterrey;television;no;0;no;Activo;0
7085;01/12/2020;27/12/2020;51008;0;0;3992;55000;;;due;5146;8;;2;yes;0;%;Monterrey;television;3Megas;0;no;Activo;0
7086;01/12/2020;27/12/2020;51008;0;0;3992;55000;;;due;5147;8;;2;yes;0;%;Monterrey;television;3Megas;0;no;Activo;0
7087;01/12/2020;27/12/2020;51008;0;0;3992;55000;;;due;5148;8;;2;yes;0;%;Monterrey;television;3Megas;0;no;Activo;0
7088;01/12/2020;27/12/2020;61008;0;0;3992;65000;;;due;5149;8;;2;yes;0;%;Monterrey;television;5Megas;0;no;Activo;0
7089;01/12/2020;27/12/2020;21008;0;0;3992;25000;;;due;5150;8;;1;yes;0;%;Monterrey;television;no;0;no;Activo;0
7090;01/12/2020;27/12/2020;51008;0;0;3992;55000;;;due;5151;8;;2;yes;0;%;Monterrey;television;3Megas;0;no;Activo;0
7091;01/12/2020;27/12/2020;46008;0;0;3992;50000;;;due;5152;8;;2;yes;0;%;Monterrey;television;no;0;no;Activo;0
7092;01/12/2020;27/12/2020;61008;0;0;3992;65000;;;due;5153;8;;2;yes;0;%;Monterrey;television;5Megas;0;no;Activo;0
7093;01/12/2020;27/12/2020;61008;0;0;3992;65000;;;due;5154;8;;2;yes;0;%;Monterrey;television;5Megas;0;no;Activo;0
7094;01/12/2020;27/12/2020;46008;0;0;3992;50000;;;due;5155;8;;2;yes;0;%;Monterrey;television;no;0;no;Activo;0
7095;01/12/2020;27/12/2020;81008;0;0;3992;85000;;;due;5156;8;;3;yes;0;%;Monterrey;television;5Megas;0;no;Activo;0
7096;01/12/2020;27/12/2020;21008;0;0;3992;25000;;;due;5157;8;;1;yes;0;%;Monterrey;television;no;0;no;Activo;0
7097;01/12/2020;27/12/2020;51008;0;0;3992;55000;;;due;5158;8;;2;yes;0;%;Monterrey;television;3Megas;0;no;Activo;0
7098;01/12/2020;27/12/2020;150675;0;0;3992;154667;;;due;5159;8;;3;yes;0;%;Monterrey;television;5Megas;0;no;Activo;0
7099;01/12/2020;27/12/2020;46008;0;0;3992;50000;;;due;5160;8;;2;yes;0;%;Monterrey;television;no;0;no;Activo;0
7100;01/12/2020;27/12/2020;89341;0;0;3992;93333;;;due;5161;8;;2;yes;0;%;Monterrey;television;no;0;no;Activo;0
7101;01/12/2020;27/12/2020;46008;0;0;3992;50000;;;due;5162;8;;2;yes;0;%;Monterrey;television;no;0;no;Activo;0
7102;01/12/2020;27/12/2020;51008;0;0;3992;55000;;;due;5163;8;;2;yes;0;%;Monterrey;television;3Megas;0;no;Activo;0
7103;01/12/2020;27/12/2020;46008;0;0;3992;50000;;;due;5164;8;;2;yes;0;%;Monterrey;television;no;0;no;Activo;0
7104;01/12/2020;27/12/2020;71008;0;0;3992;75000;;;due;5165;8;;2;yes;0;%;Monterrey;television;no;0;no;Activo;0
7105;01/12/2020;27/12/2020;66008;0;0;3992;70000;;;due;5166;8;;2;yes;0;%;Monterrey;television;no;0;no;Activo;0
7106;01/12/2020;27/12/2020;21008;0;0;3992;25000;;;due;5167;8;;1;yes;0;%;Monterrey;television;no;0;no;Activo;0
7107;01/12/2020;27/12/2020;21008;0;0;3992;25000;;;due;5168;8;;1;yes;0;%;Monterrey;television;no;0;no;Activo;0
7108;01/12/2020;27/12/2020;61008;0;0;3992;65000;;;due;5169;8;;2;yes;0;%;Monterrey;television;5Megas;0;no;Activo;0
7109;01/12/2020;27/12/2020;51008;0;0;3992;55000;;;due;5170;8;;2;yes;0;%;Monterrey;television;3Megas;0;no;Activo;0
7110;01/12/2020;27/12/2020;21008;0;0;3992;25000;;;due;5171;8;;1;yes;0;%;Monterrey;television;no;0;no;Activo;0
7111;01/12/2020;27/12/2020;21008;0;0;3992;25000;;;due;5172;8;;1;yes;0;%;Monterrey;television;no;0;no;Activo;0
7112;01/12/2020;27/12/2020;21008;0;0;3992;25000;;;due;5173;8;;1;yes;0;%;Monterrey;television;no;0;no;Activo;0
7113;01/12/2020;27/12/2020;46008;0;0;3992;50000;;;due;5174;8;;2;yes;0;%;Monterrey;television;no;0;no;Activo;0
7114;01/12/2020;27/12/2020;46008;0;0;3992;50000;;;due;5175;8;;2;yes;0;%;Monterrey;television;no;0;no;Activo;0
7115;01/12/2020;27/12/2020;51008;0;0;3992;55000;;;due;5176;8;;2;yes;0;%;Monterrey;television;3Megas;0;no;Activo;0
7116;01/12/2020;27/12/2020;21008;0;0;3992;25000;;;due;5177;8;;1;yes;0;%;Monterrey;television;no;0;no;Activo;0
7117;01/12/2020;27/12/2020;21008;0;0;3992;25000;;;due;5178;8;;1;yes;0;%;Monterrey;television;no;0;no;Activo;0
7118;01/12/2020;27/12/2020;71008;0;0;3992;75000;;;due;5179;8;;2;yes;0;%;Monterrey;television;no;0;no;Activo;0
7119;01/12/2020;27/12/2020;51008;0;0;3992;55000;;;due;5180;8;;2;yes;0;%;Monterrey;television;3Megas;0;no;Activo;0
7120;01/12/2020;27/12/2020;51008;0;0;3992;55000;;;due;5181;8;;2;yes;0;%;Monterrey;television;3Megas;0;no;Activo;0
7121;01/12/2020;27/12/2020;51008;0;0;3992;55000;;;due;5182;8;;2;yes;0;%;Monterrey;television;3Megas;0;no;Activo;0
7122;01/12/2020;27/12/2020;61008;0;0;3992;65000;;;due;5183;8;;2;yes;0;%;Monterrey;television;5Megas;0;no;Activo;0
7123;01/12/2020;27/12/2020;21008;0;0;3992;25000;;;due;5184;8;;2;yes;0;%;Monterrey;television;3Megas;0;no;Activo;0
7124;01/12/2020;27/12/2020;110008;0;0;3992;114000;;;due;5185;8;;3;yes;0;%;Monterrey;television;5Megas;0;no;Activo;0
7125;01/12/2020;27/12/2020;61008;0;0;3992;65000;;;due;5186;8;;2;yes;0;%;Monterrey;television;5Megas;0;no;Activo;0
7126;01/12/2020;27/12/2020;71008;0;0;3992;75000;;;due;5187;8;;3;yes;0;%;Monterrey;television;3Megas;0;no;Activo;0
7127;01/12/2020;27/12/2020;41770;0;0;3992;45762;;;due;5749;8;;3;yes;0;%;Monterrey;television;5Megas;0;no;Activo;0
7128;01/12/2020;27/12/2020;21008;0;0;3992;25000;;;due;5188;8;;1;yes;0;%;Monterrey;television;no;0;no;Activo;0
7129;01/12/2020;27/12/2020;21008;0;0;3992;25000;;;due;5189;8;;1;yes;0;%;Monterrey;television;no;0;no;Activo;0
7130;01/12/2020;27/12/2020;51008;0;0;3992;55000;;;due;5190;8;;2;yes;0;%;Monterrey;television;3Megas;0;no;Activo;0
7131;01/12/2020;27/12/2020;21008;0;0;3992;25000;;;due;5191;8;;1;yes;0;%;Monterrey;television;no;0;no;Activo;0
7132;01/12/2020;27/12/2020;51008;0;0;3992;55000;;;due;5192;8;;2;yes;0;%;Monterrey;television;3Megas;0;no;Activo;0
7133;01/12/2020;27/12/2020;61008;0;0;3992;65000;;;due;5193;8;;2;yes;0;%;Monterrey;television;5Megas;0;no;Activo;0
7134;01/12/2020;27/12/2020;57008;0;0;3992;61000;;;due;5194;8;;3;yes;0;%;Monterrey;television;3Megas;0;no;Activo;0
7135;01/12/2020;27/12/2020;21008;0;0;3992;25000;;;due;5195;8;;1;yes;0;%;Monterrey;television;no;0;no;Activo;0
7136;01/12/2020;27/12/2020;61008;0;0;3992;65000;;;due;5196;8;;2;yes;0;%;Monterrey;television;5Megas;0;no;Activo;0
7137;01/12/2020;27/12/2020;96675;0;0;3992;100667;;;due;5197;8;;3;yes;0;%;Monterrey;television;5Megas;0;no;Activo;0
7138;01/12/2020;27/12/2020;21008;0;0;3992;25000;;;due;5198;8;;1;yes;0;%;Monterrey;television;no;0;no;Activo;0
7139;01/12/2020;27/12/2020;51008;0;0;3992;55000;;;due;5199;8;;2;yes;0;%;Monterrey;television;3Megas;0;no;Activo;0
7140;01/12/2020;27/12/2020;21008;0;0;3992;25000;;;due;5200;8;;1;yes;0;%;Monterrey;television;no;0;no;Activo;0
7141;01/12/2020;27/12/2020;61008;0;0;3992;65000;;;due;5201;8;;2;yes;0;%;Monterrey;television;5Megas;0;no;Activo;0
7142;01/12/2020;27/12/2020;21008;0;0;3992;25000;;;due;5202;8;;1;yes;0;%;Monterrey;television;no;0;no;Activo;0
7143;01/12/2020;27/12/2020;46008;0;0;3992;50000;;;due;5203;8;;2;yes;0;%;Monterrey;television;no;0;no;Activo;0
7144;01/12/2020;27/12/2020;21008;0;0;3992;25000;;;due;5204;8;;1;yes;0;%;Monterrey;television;no;0;no;Activo;0
7145;01/12/2020;27/12/2020;61008;0;0;3992;65000;;;due;5205;8;;2;yes;0;%;Monterrey;television;5Megas;0;no;Activo;0
7146;01/12/2020;27/12/2020;61008;0;0;3992;65000;;;due;5206;8;;2;yes;0;%;Monterrey;television;5Megas;0;no;Activo;0
7147;01/12/2020;27/12/2020;21008;0;0;3992;25000;;;due;5207;8;;1;yes;0;%;Monterrey;television;no;0;no;Activo;0
7148;01/12/2020;27/12/2020;145675;0;0;3992;149667;;;due;5208;8;;3;yes;0;%;Monterrey;television;10Megas;0;no;Activo;0
7149;01/12/2020;27/12/2020;54879;0;0;3992;58871;;;due;5209;8;;2;yes;0;%;Monterrey;television;no;0;no;Activo;0
7150;01/12/2020;27/12/2020;21008;0;0;3992;25000;;;due;5210;8;;1;yes;0;%;Monterrey;television;no;0;no;Activo;0
7151;01/12/2020;27/12/2020;71008;0;0;3992;75000;;;due;5211;8;;2;yes;0;%;Monterrey;television;no;0;no;Activo;0
7152;01/12/2020;27/12/2020;21008;0;0;3992;25000;;;due;5212;8;;1;yes;0;%;Monterrey;television;no;0;no;Activo;0
7153;01/12/2020;27/12/2020;21008;0;0;3992;25000;;;due;5213;8;;1;yes;0;%;Monterrey;television;no;0;no;Activo;0
7154;01/12/2020;27/12/2020;21008;0;0;3992;25000;;;due;5214;8;;1;yes;0;%;Monterrey;television;no;0;no;Activo;0
7155;01/12/2020;27/12/2020;46062;0;0;3992;50054;;;due;5215;8;;2;yes;0;%;Monterrey;television;no;0;no;Activo;0
7156;01/12/2020;27/12/2020;21008;0;0;3992;25000;;;due;5216;8;;2;yes;0;%;Monterrey;television;3Megas;0;no;Activo;0
7157;01/12/2020;27/12/2020;50008;0;0;3992;54000;;;due;5217;8;;3;yes;0;%;Monterrey;television;3Megas;0;no;Activo;0
7158;01/12/2020;27/12/2020;51008;0;0;3992;55000;;;due;5218;8;;2;yes;0;%;Monterrey;television;3Megas;0;no;Activo;0
7159;01/12/2020;27/12/2020;61008;0;0;3992;65000;;;due;5219;8;;2;yes;0;%;Monterrey;television;5Megas;0;no;Activo;0
7160;01/12/2020;27/12/2020;21008;0;0;3992;25000;;;due;5750;8;;1;yes;0;%;Monterrey;television;no;0;no;Activo;0
7161;01/12/2020;27/12/2020;31492;0;0;3992;35484;;;due;5220;8;;2;yes;0;%;Monterrey;television;no;0;no;Activo;0
7162;01/12/2020;27/12/2020;84718;0;0;3992;88710;;;due;5221;8;;2;yes;0;%;Monterrey;television;no;0;no;Activo;0
7163;01/12/2020;27/12/2020;21008;0;0;3992;25000;;;due;5222;8;;1;yes;0;%;Monterrey;television;no;0;no;Activo;0
7164;01/12/2020;27/12/2020;21008;0;0;3992;25000;;;due;5223;8;;1;yes;0;%;Monterrey;television;no;0;no;Activo;0
7165;01/12/2020;27/12/2020;21008;0;0;3992;25000;;;due;5224;8;;1;yes;0;%;Monterrey;television;no;0;no;Activo;0
7166;01/12/2020;27/12/2020;77460;0;0;3992;81452;;;due;5225;8;;2;yes;0;%;Monterrey;television;no;0;no;Activo;0
7167;01/12/2020;27/12/2020;61008;0;0;3992;65000;;;due;5226;8;;2;yes;0;%;Monterrey;television;5Megas;0;no;Activo;0
7168;01/12/2020;27/12/2020;46008;0;0;3992;50000;;;due;5227;8;;2;yes;0;%;Monterrey;television;no;0;no;Activo;0
7169;01/12/2020;27/12/2020;61331;0;0;3992;65323;;;due;5228;8;;2;yes;0;%;Monterrey;television;no;0;no;Activo;0
7170;01/12/2020;27/12/2020;61008;0;0;3992;65000;;;due;5229;8;;2;yes;0;%;Monterrey;television;5Megas;0;no;Activo;0
7171;01/12/2020;27/12/2020;46008;0;0;3992;50000;;;due;5230;8;;2;yes;0;%;Monterrey;television;no;0;no;Activo;0
7172;01/12/2020;27/12/2020;21008;0;0;3992;25000;;;due;5231;8;;1;yes;0;%;Monterrey;television;no;0;no;Activo;0
7173;01/12/2020;27/12/2020;21008;0;0;3992;25000;;;due;5232;8;;1;yes;0;%;Monterrey;television;no;0;no;Activo;0
7174;01/12/2020;27/12/2020;61008;0;0;3992;65000;;;due;5233;8;;2;yes;0;%;Monterrey;television;5Megas;0;no;Activo;0
7175;01/12/2020;27/12/2020;21008;0;0;3992;25000;;;due;5234;8;;1;yes;0;%;Monterrey;television;no;0;no;Activo;0
7176;01/12/2020;27/12/2020;61008;0;0;3992;65000;;;due;5235;8;;2;yes;0;%;Monterrey;television;5Megas;0;no;Activo;0
7177;01/12/2020;27/12/2020;21008;0;0;3992;25000;;;due;5236;8;;1;yes;0;%;Monterrey;television;no;0;no;Activo;0
7178;01/12/2020;27/12/2020;46008;0;0;3992;50000;;;due;5237;8;;2;yes;0;%;Monterrey;television;no;0;no;Activo;0
7179;01/12/2020;27/12/2020;71008;0;0;3992;75000;;;due;5238;8;;2;yes;0;%;Monterrey;television;no;0;no;Activo;0
7180;01/12/2020;27/12/2020;21008;0;0;3992;25000;;;due;5239;8;;1;yes;0;%;Monterrey;television;no;0;no;Activo;0
7181;01/12/2020;27/12/2020;67782;0;0;3992;71774;;;due;5240;8;;2;yes;0;%;Monterrey;television;no;0;no;Activo;0
7182;01/12/2020;27/12/2020;21008;0;0;3992;25000;;;due;5241;8;;1;yes;0;%;Monterrey;television;no;0;no;Activo;0
7183;01/12/2020;27/12/2020;51008;0;0;3992;55000;;;due;5242;8;;2;yes;0;%;Monterrey;television;3Megas;0;no;Activo;0
7184;01/12/2020;27/12/2020;21008;0;0;3992;25000;;;due;5243;8;;1;yes;0;%;Monterrey;television;no;0;no;Activo;0
7185;01/12/2020;27/12/2020;46008;0;0;3992;50000;;;due;5244;8;;2;yes;0;%;Monterrey;television;no;0;no;Activo;0
7186;01/12/2020;27/12/2020;46008;0;0;3992;50000;;;due;5245;8;;2;yes;0;%;Monterrey;television;no;0;no;Activo;0
7187;01/12/2020;27/12/2020;51008;0;0;3992;55000;;;due;5246;8;;2;yes;0;%;Monterrey;television;3Megas;0;no;Activo;0
7188;01/12/2020;27/12/2020;46008;0;0;3992;50000;;;due;5247;8;;2;yes;0;%;Monterrey;television;no;0;no;Activo;0
7189;01/12/2020;27/12/2020;56008;0;0;3992;60000;;;due;5248;8;;2;yes;0;%;Monterrey;television;no;0;no;Activo;0
7190;01/12/2020;27/12/2020;51008;0;0;3992;55000;;;due;5249;8;;2;yes;0;%;Monterrey;television;3Megas;0;no;Activo;0
7191;01/12/2020;27/12/2020;34008;0;0;3992;38000;;;due;5751;8;;3;yes;0;%;Monterrey;television;3Megas;0;no;Activo;0
7192;01/12/2020;27/12/2020;46008;0;0;3992;50000;;;due;5250;8;;2;yes;0;%;Monterrey;television;no;0;no;Activo;0
7193;01/12/2020;27/12/2020;21008;0;0;3992;25000;;;due;5251;8;;1;yes;0;%;Monterrey;television;no;0;no;Activo;0
7194;01/12/2020;27/12/2020;51008;0;0;3992;55000;;;due;5252;8;;2;yes;0;%;Monterrey;television;3Megas;0;no;Activo;0
7195;01/12/2020;27/12/2020;69395;0;0;3992;73387;;;due;5253;8;;2;yes;0;%;Monterrey;television;no;0;no;Activo;0
7196;01/12/2020;27/12/2020;21008;0;0;3992;25000;;;due;5254;8;;1;yes;0;%;Monterrey;television;no;0;no;Activo;0
7197;01/12/2020;27/12/2020;21008;0;0;3992;25000;;;due;5255;8;;1;yes;0;%;Monterrey;television;no;0;no;Activo;0
7198;01/12/2020;27/12/2020;21008;0;0;3992;25000;;;due;5256;8;;1;yes;0;%;Monterrey;television;no;0;no;Activo;0
7199;01/12/2020;27/12/2020;21008;0;0;3992;25000;;;due;5257;8;;1;yes;0;%;Monterrey;television;no;0;no;Activo;0
7200;01/12/2020;27/12/2020;21008;0;0;3992;25000;;;due;5258;8;;1;yes;0;%;Monterrey;television;no;0;no;Activo;0
7201;01/12/2020;27/12/2020;21008;0;0;3992;25000;;;due;5259;8;;1;yes;0;%;Monterrey;television;no;0;no;Activo;0
7202;01/12/2020;27/12/2020;46008;0;0;3992;50000;;;due;5260;8;;2;yes;0;%;Monterrey;television;no;0;no;Activo;0
7203;01/12/2020;27/12/2020;110008;0;0;3992;114000;;;due;5261;8;;3;yes;0;%;Monterrey;television;5Megas;0;no;Activo;0
7204;01/12/2020;27/12/2020;21008;0;0;3992;25000;;;due;5262;8;;1;yes;0;%;Monterrey;television;no;0;no;Activo;0
7205;01/12/2020;27/12/2020;46008;0;0;3992;50000;;;due;5263;8;;2;yes;0;%;Monterrey;television;no;0;no;Activo;0
7206;01/12/2020;27/12/2020;21008;0;0;3992;25000;;;due;5264;8;;1;yes;0;%;Monterrey;television;no;0;no;Activo;0
7207;01/12/2020;27/12/2020;51008;0;0;3992;55000;;;due;5265;8;;2;yes;0;%;Monterrey;television;3Megas;0;no;Activo;0
7208;01/12/2020;27/12/2020;21008;0;0;3992;25000;;;due;5266;8;;1;yes;0;%;Monterrey;television;no;0;no;Activo;0
7209;01/12/2020;27/12/2020;46008;0;0;3992;50000;;;due;5267;8;;2;yes;0;%;Monterrey;television;no;0;no;Activo;0
7210;01/12/2020;27/12/2020;46008;0;0;3992;50000;;;due;5268;8;;2;yes;0;%;Monterrey;television;no;0;no;Activo;0
7211;01/12/2020;27/12/2020;21008;0;0;3992;25000;;;due;5269;8;;2;yes;0;%;Monterrey;television;3Megas;0;no;Activo;0
7212;01/12/2020;27/12/2020;51008;0;0;3992;55000;;;due;5270;8;;2;yes;0;%;Monterrey;television;3Megas;0;no;Activo;0
7213;01/12/2020;27/12/2020;71008;0;0;3992;75000;;;due;5271;8;;2;yes;0;%;Monterrey;television;no;0;no;Activo;0
7214;01/12/2020;27/12/2020;46008;0;0;3992;50000;;;due;5272;8;;2;yes;0;%;Monterrey;television;no;0;no;Activo;0
7215;01/12/2020;27/12/2020;21008;0;0;3992;25000;;;due;5273;8;;1;yes;0;%;Monterrey;television;no;0;no;Activo;0
7216;01/12/2020;27/12/2020;61008;0;0;3992;65000;;;due;5274;8;;2;yes;0;%;Monterrey;television;5Megas;0;no;Activo;0
7217;01/12/2020;27/12/2020;21008;0;0;3992;25000;;;due;5275;8;;1;yes;0;%;Monterrey;television;no;0;no;Activo;0
7218;01/12/2020;27/12/2020;79341;0;0;3992;83333;;;due;5276;8;;3;yes;0;%;Monterrey;television;5Megas;0;no;Activo;0
7219;01/12/2020;27/12/2020;51008;0;0;3992;55000;;;due;5277;8;;2;yes;0;%;Monterrey;television;3Megas;0;no;Activo;0
7220;01/12/2020;27/12/2020;51008;0;0;3992;55000;;;due;5278;8;;2;yes;0;%;Monterrey;television;3Megas;0;no;Activo;0
7221;01/12/2020;27/12/2020;96986;0;0;3992;100978;;;due;5279;8;;3;yes;0;%;Monterrey;television;3Megas;0;no;Activo;0
7222;01/12/2020;27/12/2020;21008;0;0;3992;25000;;;due;5280;8;;1;yes;0;%;Monterrey;television;no;0;no;Activo;0
7223;01/12/2020;27/12/2020;46008;0;0;3992;50000;;;due;5281;8;;2;yes;0;%;Monterrey;television;no;0;no;Activo;0
7224;01/12/2020;27/12/2020;21008;0;0;3992;25000;;;due;5282;8;;1;yes;0;%;Monterrey;television;no;0;no;Activo;0
7225;01/12/2020;27/12/2020;61008;0;0;3992;65000;;;due;5283;8;;2;yes;0;%;Monterrey;television;5Megas;0;no;Activo;0
7226;01/12/2020;27/12/2020;61008;0;0;3992;65000;;;due;5284;8;;2;yes;0;%;Monterrey;television;5Megas;0;no;Activo;0
7227;01/12/2020;27/12/2020;21008;0;0;3992;25000;;;due;5285;8;;1;yes;0;%;Monterrey;television;no;0;no;Activo;0
7228;01/12/2020;27/12/2020;51008;0;0;3992;55000;;;due;5286;8;;2;yes;0;%;Monterrey;television;3Megas;0;no;Activo;0
7229;01/12/2020;27/12/2020;46008;0;0;3992;50000;;;due;5287;8;;2;yes;0;%;Monterrey;television;no;0;no;Activo;0
7230;01/12/2020;27/12/2020;51008;0;0;3992;55000;;;due;5288;8;;2;yes;0;%;Monterrey;television;3Megas;0;no;Activo;0
7231;01/12/2020;27/12/2020;61008;0;0;3992;65000;;;due;5289;8;;2;yes;0;%;Monterrey;television;5Megas;0;no;Activo;0
7232;01/12/2020;27/12/2020;0;0;0;0;0;;;due;5290;8;;1;yes;0;%;Monterrey;television;no;0;no;Activo;0
7233;01/12/2020;27/12/2020;51008;0;0;3992;55000;;;due;5291;8;;2;yes;0;%;Monterrey;television;3Megas;0;no;Activo;0
7234;01/12/2020;27/12/2020;21008;0;0;3992;25000;;;due;5292;8;;1;yes;0;%;Monterrey;television;no;0;no;Activo;0
7235;01/12/2020;27/12/2020;46008;0;0;3992;50000;;;due;5293;8;;2;yes;0;%;Monterrey;television;no;0;no;Activo;0
7236;01/12/2020;27/12/2020;51008;0;0;3992;55000;;;due;5294;8;;2;yes;0;%;Monterrey;television;3Megas;0;no;Activo;0
7237;01/12/2020;27/12/2020;46008;0;0;3992;50000;;;due;5295;8;;2;yes;0;%;Monterrey;television;no;0;no;Activo;0
7238;01/12/2020;27/12/2020;21008;0;0;3992;25000;;;due;5296;8;;1;yes;0;%;Monterrey;television;no;0;no;Activo;0
7239;01/12/2020;27/12/2020;64556;0;0;3992;68548;;;due;5297;8;;2;yes;0;%;Monterrey;television;no;0;no;Activo;0
7240;01/12/2020;27/12/2020;21008;0;0;3992;25000;;;due;5298;8;;1;yes;0;%;Monterrey;television;no;0;no;Activo;0
7241;01/12/2020;27/12/2020;21008;0;0;3992;25000;;;due;5299;8;;1;yes;0;%;Monterrey;television;no;0;no;Activo;0
7242;01/12/2020;27/12/2020;51008;0;0;3992;55000;;;due;5300;8;;2;yes;0;%;Monterrey;television;3Megas;0;no;Activo;0
7243;01/12/2020;27/12/2020;21008;0;0;3992;25000;;;due;5301;8;;2;yes;0;%;Monterrey;television;3Megas;0;no;Activo;0
7244;01/12/2020;27/12/2020;46008;0;0;3992;50000;;;due;5302;8;;2;yes;0;%;Monterrey;television;no;0;no;Activo;0
7245;01/12/2020;27/12/2020;21008;0;0;3992;25000;;;due;5303;8;;1;yes;0;%;Monterrey;television;no;0;no;Activo;0
7246;01/12/2020;27/12/2020;21008;0;0;3992;25000;;;due;5304;8;;1;yes;0;%;Monterrey;television;no;0;no;Activo;0
7247;01/12/2020;27/12/2020;21008;0;0;3992;25000;;;due;5305;8;;1;yes;0;%;Monterrey;television;no;0;no;Activo;0
7248;01/12/2020;27/12/2020;51008;0;0;3992;55000;;;due;5306;8;;2;yes;0;%;Monterrey;television;3Megas;0;no;Activo;0
7249;01/12/2020;27/12/2020;21008;0;0;3992;25000;;;due;5307;8;;1;yes;0;%;Monterrey;television;no;0;no;Activo;0
7250;01/12/2020;27/12/2020;79341;0;0;3992;83333;;;due;5308;8;;3;yes;0;%;Monterrey;television;5Megas;0;no;Activo;0
7251;01/12/2020;27/12/2020;21008;0;0;3992;25000;;;due;5309;8;;1;yes;0;%;Monterrey;television;no;0;no;Activo;0
7252;01/12/2020;27/12/2020;21008;0;0;3992;25000;;;due;5310;8;;1;yes;0;%;Monterrey;television;no;0;no;Activo;0
7253;01/12/2020;27/12/2020;51008;0;0;3992;55000;;;due;5311;8;;2;yes;0;%;Monterrey;television;3Megas;0;no;Activo;0
7254;01/12/2020;27/12/2020;126008;0;0;3992;130000;;;due;5312;8;;3;yes;0;%;Monterrey;television;5Megas;0;no;Activo;0
7255;01/12/2020;27/12/2020;0;0;0;0;0;;;due;5313;8;;1;yes;0;%;Monterrey;television;no;0;no;Activo;0
7256;01/12/2020;27/12/2020;46008;0;0;3992;50000;;;due;5314;8;;2;yes;0;%;Monterrey;television;no;0;no;Activo;0
7257;01/12/2020;27/12/2020;186169;0;0;3992;190161;;;due;5315;8;;3;yes;0;%;Monterrey;television;10Megas;0;no;Activo;0
7258;01/12/2020;27/12/2020;46008;0;0;3992;50000;;;due;5316;8;;2;yes;0;%;Monterrey;television;no;0;no;Activo;0
7259;01/12/2020;27/12/2020;21008;0;0;3992;25000;;;due;5317;8;;1;yes;0;%;Monterrey;television;no;0;no;Activo;0
7260;01/12/2020;27/12/2020;24341;0;0;3992;28333;;;due;5318;8;;2;yes;0;%;Monterrey;television;no;0;no;Activo;0
7261;01/12/2020;27/12/2020;71008;0;0;3992;75000;;;due;5319;8;;2;yes;0;%;Monterrey;television;no;0;no;Activo;0
7262;01/12/2020;27/12/2020;61008;0;0;3992;65000;;;due;5320;8;;2;yes;0;%;Monterrey;television;5Megas;0;no;Activo;0
7263;01/12/2020;27/12/2020;51008;0;0;3992;55000;;;due;5321;8;;2;yes;0;%;Monterrey;television;3Megas;0;no;Activo;0
7264;01/12/2020;27/12/2020;69375;0;0;3992;73367;;;due;5322;8;;2;yes;0;%;Monterrey;television;no;0;no;Activo;0
7265;01/12/2020;27/12/2020;66008;0;0;3992;70000;;;due;5323;8;;2;yes;0;%;Monterrey;television;no;0;no;Activo;0
7266;01/12/2020;27/12/2020;61008;0;0;3992;65000;;;due;5324;8;;2;yes;0;%;Monterrey;television;5Megas;0;no;Activo;0
7267;01/12/2020;27/12/2020;21008;0;0;3992;25000;;;due;5325;8;;1;yes;0;%;Monterrey;television;no;0;no;Activo;0
7268;01/12/2020;27/12/2020;21008;0;0;3992;25000;;;due;5326;8;;1;yes;0;%;Monterrey;television;no;0;no;Activo;0
7269;01/12/2020;27/12/2020;61008;0;0;3992;65000;;;due;5327;8;;2;yes;0;%;Monterrey;television;5Megas;0;no;Activo;0
7270;01/12/2020;27/12/2020;61008;0;0;3992;65000;;;due;5328;8;;2;yes;0;%;Monterrey;television;5Megas;0;no;Activo;0
7271;01/12/2020;27/12/2020;161008;0;0;3992;165000;;;due;5329;8;;3;yes;0;%;Monterrey;television;10Megas;0;no;Activo;0
7272;01/12/2020;27/12/2020;106008;0;0;3992;110000;;;due;5330;8;;3;yes;0;%;Monterrey;television;3Megas;0;no;Activo;0
7273;01/12/2020;27/12/2020;51008;0;0;3992;55000;;;due;5331;8;;2;yes;0;%;Monterrey;television;3Megas;0;no;Activo;0
7274;01/12/2020;27/12/2020;21008;0;0;3992;25000;;;due;5332;8;;1;yes;0;%;Monterrey;television;no;0;no;Activo;0
7275;01/12/2020;27/12/2020;117114;0;0;3992;121106;;;due;5333;8;;3;yes;0;%;Monterrey;television;5Megas;0;no;Activo;0
7276;01/12/2020;27/12/2020;51008;0;0;3992;55000;;;due;5334;8;;2;yes;0;%;Monterrey;television;3Megas;0;no;Activo;0
7277;01/12/2020;27/12/2020;21008;0;0;3992;25000;;;due;5335;8;;1;yes;0;%;Monterrey;television;no;0;no;Activo;0
7278;01/12/2020;27/12/2020;46008;0;0;3992;50000;;;due;5336;8;;2;yes;0;%;Monterrey;television;no;0;no;Activo;0
7279;01/12/2020;27/12/2020;21008;0;0;3992;25000;;;due;5337;8;;1;yes;0;%;Monterrey;television;no;0;no;Activo;0
7280;01/12/2020;27/12/2020;85979;0;0;3992;89971;;;due;5338;8;;3;yes;0;%;Monterrey;television;5Megas;0;no;Activo;0
7281;01/12/2020;27/12/2020;46008;0;0;3992;50000;;;due;5339;8;;2;yes;0;%;Monterrey;television;no;0;no;Activo;0
7282;01/12/2020;27/12/2020;61008;0;0;3992;65000;;;due;5752;8;;2;yes;0;%;Monterrey;television;5Megas;0;no;Activo;0
7283;01/12/2020;27/12/2020;51008;0;0;3992;55000;;;due;5340;8;;2;yes;0;%;Monterrey;television;3Megas;0;no;Activo;0
7284;01/12/2020;27/12/2020;21008;0;0;3992;25000;;;due;5341;8;;1;yes;0;%;Monterrey;television;no;0;no;Activo;0
7285;01/12/2020;27/12/2020;26008;0;0;3992;30000;;;due;5342;8;;2;yes;0;%;Monterrey;television;no;0;no;Activo;0
7286;01/12/2020;27/12/2020;61008;0;0;3992;65000;;;due;5343;8;;2;yes;0;%;Monterrey;television;5Megas;0;no;Activo;0
7287;01/12/2020;27/12/2020;21008;0;0;3992;25000;;;due;5344;8;;1;yes;0;%;Monterrey;television;no;0;no;Activo;0
7288;01/12/2020;27/12/2020;61008;0;0;3992;65000;;;due;5345;8;;2;yes;0;%;Monterrey;television;5Megas;0;no;Activo;0
7289;01/12/2020;27/12/2020;99234;0;0;3992;103226;;;due;5346;8;;3;yes;0;%;Monterrey;television;3Megas;0;no;Activo;0
7290;01/12/2020;27/12/2020;46008;0;0;3992;50000;;;due;5347;8;;2;yes;0;%;Monterrey;television;no;0;no;Activo;0
7291;01/12/2020;27/12/2020;21008;0;0;3992;25000;;;due;5348;8;;1;yes;0;%;Monterrey;television;no;0;no;Activo;0
7292;01/12/2020;27/12/2020;48021;0;0;3992;52013;;;due;5349;8;;3;yes;0;%;Monterrey;television;3Megas;0;no;Activo;0
7293;01/12/2020;27/12/2020;46008;0;0;3992;50000;;;due;5350;8;;2;yes;0;%;Monterrey;television;no;0;no;Activo;0
7294;01/12/2020;27/12/2020;61008;0;0;3992;65000;;;due;5351;8;;2;yes;0;%;Monterrey;television;5Megas;0;no;Activo;0
7295;01/12/2020;27/12/2020;70202;0;0;3992;74194;;;due;5352;8;;2;yes;0;%;Monterrey;television;no;0;no;Activo;0
7296;01/12/2020;27/12/2020;46008;0;0;3992;50000;;;due;5353;8;;2;yes;0;%;Monterrey;television;no;0;no;Activo;0
7297;01/12/2020;27/12/2020;21008;0;0;3992;25000;;;due;5354;8;;1;yes;0;%;Monterrey;television;no;0;no;Activo;0
7298;01/12/2020;27/12/2020;21008;0;0;3992;25000;;;due;5355;8;;2;yes;0;%;Monterrey;television;5Megas;0;no;Activo;0
7299;01/12/2020;27/12/2020;66008;0;0;3992;70000;;;due;5356;8;;3;yes;0;%;Monterrey;television;5Megas;0;no;Activo;0
7300;01/12/2020;27/12/2020;51008;0;0;3992;55000;;;due;5357;8;;2;yes;0;%;Monterrey;television;3Megas;0;no;Activo;0
7301;01/12/2020;27/12/2020;51008;0;0;3992;55000;;;due;5358;8;;2;yes;0;%;Monterrey;television;3Megas;0;no;Activo;0
7302;01/12/2020;27/12/2020;61008;0;0;3992;65000;;;due;5359;8;;2;yes;0;%;Monterrey;television;5Megas;0;no;Activo;0
7303;01/12/2020;27/12/2020;46008;0;0;3992;50000;;;due;5360;8;;2;yes;0;%;Monterrey;television;no;0;no;Activo;0
7304;01/12/2020;27/12/2020;106008;0;0;3992;110000;;;due;5361;8;;3;yes;0;%;Monterrey;television;3Megas;0;no;Activo;0
7305;01/12/2020;27/12/2020;51008;0;0;3992;55000;;;due;5362;8;;2;yes;0;%;Monterrey;television;3Megas;0;no;Activo;0
7306;01/12/2020;27/12/2020;46008;0;0;3992;50000;;;due;5363;8;;2;yes;0;%;Monterrey;television;no;0;no;Activo;0
7307;01/12/2020;27/12/2020;46008;0;0;3992;50000;;;due;5364;8;;2;yes;0;%;Monterrey;television;no;0;no;Activo;0
7308;01/12/2020;27/12/2020;21008;0;0;3992;25000;;;due;5365;8;;1;yes;0;%;Monterrey;television;no;0;no;Activo;0
7309;01/12/2020;27/12/2020;21008;0;0;3992;25000;;;due;5366;8;;1;yes;0;%;Monterrey;television;no;0;no;Activo;0
7310;01/12/2020;27/12/2020;46008;0;0;3992;50000;;;due;5367;8;;2;yes;0;%;Monterrey;television;no;0;no;Activo;0
7311;01/12/2020;27/12/2020;21008;0;0;3992;25000;;;due;5368;8;;1;yes;0;%;Monterrey;television;no;0;no;Activo;0
7312;01/12/2020;27/12/2020;-13669;0;0;3992;-9677;;;due;5369;8;;2;yes;0;%;Monterrey;television;3Megas;0;no;Activo;0
7313;01/12/2020;27/12/2020;51008;0;0;3992;55000;;;due;5370;8;;2;yes;0;%;Monterrey;television;3Megas;0;no;Activo;0
7314;01/12/2020;27/12/2020;21008;0;0;3992;25000;;;due;5371;8;;1;yes;0;%;Monterrey;television;no;0;no;Activo;0
7315;01/12/2020;27/12/2020;46008;0;0;3992;50000;;;due;5372;8;;2;yes;0;%;Monterrey;television;no;0;no;Activo;0
7316;01/12/2020;27/12/2020;46008;0;0;3992;50000;;;due;5373;8;;2;yes;0;%;Monterrey;television;no;0;no;Activo;0
7317;01/12/2020;27/12/2020;21008;0;0;3992;25000;;;due;5374;8;;1;yes;0;%;Monterrey;television;no;0;no;Activo;0
7318;01/12/2020;27/12/2020;21008;0;0;3992;25000;;;due;5375;8;;1;yes;0;%;Monterrey;television;no;0;no;Activo;0
7319;01/12/2020;27/12/2020;64008;0;0;3992;68000;;;due;5376;8;;3;yes;0;%;Monterrey;television;3Megas;0;no;Activo;0
7320;01/12/2020;27/12/2020;21008;0;0;3992;25000;;;due;5377;8;;1;yes;0;%;Monterrey;television;no;0;no;Activo;0
7321;01/12/2020;27/12/2020;46008;0;0;3992;50000;;;due;5378;8;;2;yes;0;%;Monterrey;television;no;0;no;Activo;0
7322;01/12/2020;27/12/2020;51008;0;0;3992;55000;;;due;5379;8;;2;yes;0;%;Monterrey;television;3Megas;0;no;Activo;0
7323;01/12/2020;27/12/2020;21008;0;0;3992;25000;;;due;5380;8;;1;yes;0;%;Monterrey;television;no;0;no;Activo;0
7324;01/12/2020;27/12/2020;21008;0;0;3992;25000;;;due;5381;8;;1;yes;0;%;Monterrey;television;no;0;no;Activo;0
7325;01/12/2020;27/12/2020;21008;0;0;3992;25000;;;due;5382;8;;1;yes;0;%;Monterrey;television;no;0;no;Activo;0
7326;01/12/2020;27/12/2020;0;0;0;0;0;;;due;5383;8;;2;yes;0;%;Monterrey;television;3Megas;0;no;Activo;0
7327;01/12/2020;27/12/2020;21008;0;0;3992;25000;;;due;5384;8;;1;yes;0;%;Monterrey;television;no;0;no;Activo;0
7328;01/12/2020;27/12/2020;51008;0;0;3992;55000;;;due;5385;8;;2;yes;0;%;Monterrey;television;3Megas;0;no;Activo;0
7329;01/12/2020;27/12/2020;51008;0;0;3992;55000;;;due;5386;8;;2;yes;0;%;Monterrey;television;3Megas;0;no;Activo;0
7330;01/12/2020;27/12/2020;46008;0;0;3992;50000;;;due;5387;8;;2;yes;0;%;Monterrey;television;no;0;no;Activo;0
7331;01/12/2020;27/12/2020;51008;0;0;3992;55000;;;due;5388;8;;2;yes;0;%;Monterrey;television;3Megas;0;no;Activo;0
7332;01/12/2020;27/12/2020;46008;0;0;3992;50000;;;due;5389;8;;2;yes;0;%;Monterrey;television;no;0;no;Activo;0
7333;01/12/2020;27/12/2020;21008;0;0;3992;25000;;;due;5390;8;;1;yes;0;%;Monterrey;television;no;0;no;Activo;0
7334;01/12/2020;27/12/2020;21008;0;0;3992;25000;;;due;5391;8;;1;yes;0;%;Monterrey;television;no;0;no;Activo;0
7335;01/12/2020;27/12/2020;21008;0;0;3992;25000;;;due;5392;8;;1;yes;0;%;Monterrey;television;no;0;no;Activo;0
7336;01/12/2020;27/12/2020;56008;0;0;3992;60000;;;due;5393;8;;2;yes;0;%;Monterrey;television;no;0;no;Activo;0
7337;01/12/2020;27/12/2020;21008;0;0;3992;25000;;;due;5394;8;;1;yes;0;%;Monterrey;television;no;0;no;Activo;0
7338;01/12/2020;27/12/2020;29341;0;0;3992;33333;;;due;5753;8;;2;yes;0;%;Monterrey;television;no;0;no;Activo;0
7339;01/12/2020;27/12/2020;46008;0;0;3992;50000;;;due;5395;8;;2;yes;0;%;Monterrey;television;no;0;no;Activo;0
7340;01/12/2020;27/12/2020;21008;0;0;3992;25000;;;due;5396;8;;1;yes;0;%;Monterrey;television;no;0;no;Activo;0
7341;01/12/2020;27/12/2020;46008;0;0;3992;50000;;;due;5397;8;;2;yes;0;%;Monterrey;television;no;0;no;Activo;0
7342;01/12/2020;27/12/2020;51008;0;0;3992;55000;;;due;5398;8;;2;yes;0;%;Monterrey;television;3Megas;0;no;Activo;0
7343;01/12/2020;27/12/2020;48427;0;0;3992;52419;;;due;5399;8;;2;yes;0;%;Monterrey;television;no;0;no;Activo;0
7344;01/12/2020;27/12/2020;75008;0;0;3992;79000;;;due;5400;8;;3;yes;0;%;Monterrey;television;3Megas;0;no;Activo;0
7345;01/12/2020;27/12/2020;51008;0;0;3992;55000;;;due;5401;8;;2;yes;0;%;Monterrey;television;3Megas;0;no;Activo;0
7346;01/12/2020;27/12/2020;61008;0;0;3992;65000;;;due;5402;8;;2;yes;0;%;Monterrey;television;5Megas;0;no;Activo;0
7347;01/12/2020;27/12/2020;61008;0;0;3992;65000;;;due;5403;8;;2;yes;0;%;Monterrey;television;5Megas;0;no;Activo;0
7348;01/12/2020;27/12/2020;51008;0;0;3992;55000;;;due;5404;8;;2;yes;0;%;Monterrey;television;3Megas;0;no;Activo;0
7349;01/12/2020;27/12/2020;71008;0;0;3992;75000;;;due;5405;8;;2;yes;0;%;Monterrey;television;no;0;no;Activo;0
7350;01/12/2020;27/12/2020;21008;0;0;3992;25000;;;due;5406;8;;1;yes;0;%;Monterrey;television;no;0;no;Activo;0
7351;01/12/2020;27/12/2020;46008;0;0;3992;50000;;;due;5407;8;;2;yes;0;%;Monterrey;television;no;0;no;Activo;0
7352;01/12/2020;27/12/2020;21008;0;0;3992;25000;;;due;5408;8;;1;yes;0;%;Monterrey;television;no;0;no;Activo;0
7353;01/12/2020;27/12/2020;21008;0;0;3992;25000;;;due;5409;8;;1;yes;0;%;Monterrey;television;no;0;no;Activo;0
7354;01/12/2020;27/12/2020;51008;0;0;3992;55000;;;due;5410;8;;2;yes;0;%;Monterrey;television;no;0;no;Activo;0
7355;01/12/2020;27/12/2020;96008;0;0;3992;100000;;;due;5411;8;;2;yes;0;%;Monterrey;television;no;0;no;Activo;0
7356;01/12/2020;27/12/2020;21008;0;0;3992;25000;;;due;5412;8;;2;yes;0;%;Monterrey;television;3Megas;0;no;Activo;0
7357;01/12/2020;27/12/2020;21008;0;0;3992;25000;;;due;5413;8;;1;yes;0;%;Monterrey;television;no;0;no;Activo;0
7358;01/12/2020;27/12/2020;51008;0;0;3992;55000;;;due;5414;8;;2;yes;0;%;Monterrey;television;3Megas;0;no;Activo;0
7359;01/12/2020;27/12/2020;46008;0;0;3992;50000;;;due;5415;8;;2;yes;0;%;Monterrey;television;no;0;no;Activo;0
7360;01/12/2020;27/12/2020;21008;0;0;3992;25000;;;due;5416;8;;1;yes;0;%;Monterrey;television;no;0;no;Activo;0
7361;01/12/2020;27/12/2020;21008;0;0;3992;25000;;;due;5417;8;;1;yes;0;%;Monterrey;television;no;0;no;Activo;0
7362;01/12/2020;27/12/2020;101008;0;0;3992;105000;;;due;5418;8;;2;yes;0;%;Monterrey;television;10Megas;0;no;Activo;0
7363;01/12/2020;27/12/2020;21008;0;0;3992;25000;;;due;5419;8;;1;yes;0;%;Monterrey;television;no;0;no;Activo;0
7364;01/12/2020;27/12/2020;51008;0;0;3992;55000;;;due;5420;8;;2;yes;0;%;Monterrey;television;3Megas;0;no;Activo;0
7365;01/12/2020;27/12/2020;21008;0;0;3992;25000;;;due;5421;8;;1;yes;0;%;Monterrey;television;no;0;no;Activo;0
7366;01/12/2020;27/12/2020;21008;0;0;3992;25000;;;due;5422;8;;1;yes;0;%;Monterrey;television;no;0;no;Activo;0
7367;01/12/2020;27/12/2020;79341;0;0;3992;83333;;;due;5423;8;;2;yes;0;%;Monterrey;television;no;0;no;Activo;0
7368;01/12/2020;27/12/2020;61008;0;0;3992;65000;;;due;5424;8;;2;yes;0;%;Monterrey;television;5Megas;0;no;Activo;0
7369;01/12/2020;27/12/2020;46008;0;0;3992;50000;;;due;5425;8;;2;yes;0;%;Monterrey;television;no;0;no;Activo;0
7370;01/12/2020;27/12/2020;21008;0;0;3992;25000;;;due;5426;8;;1;yes;0;%;Monterrey;television;no;0;no;Activo;0
7371;01/12/2020;27/12/2020;47008;0;0;3992;51000;;;due;5427;8;;3;yes;0;%;Monterrey;television;3Megas;0;no;Activo;0
7372;01/12/2020;27/12/2020;21008;0;0;3992;25000;;;due;5428;8;;1;yes;0;%;Monterrey;television;no;0;no;Activo;0
7373;01/12/2020;27/12/2020;21008;0;0;3992;25000;;;due;5429;8;;2;yes;0;%;Monterrey;television;5Megas;0;no;Activo;0
7374;01/12/2020;27/12/2020;21008;0;0;3992;25000;;;due;5430;8;;1;yes;0;%;Monterrey;television;no;0;no;Activo;0
7375;01/12/2020;27/12/2020;96008;0;0;3992;100000;;;due;5431;8;;2;yes;0;%;Monterrey;television;no;0;no;Activo;0
7376;01/12/2020;27/12/2020;21008;0;0;3992;25000;;;due;5432;8;;1;yes;0;%;Monterrey;television;no;0;no;Activo;0
7377;01/12/2020;27/12/2020;21008;0;0;3992;25000;;;due;5433;8;;1;yes;0;%;Monterrey;television;no;0;no;Activo;0
7378;01/12/2020;27/12/2020;71008;0;0;3992;75000;;;due;5434;8;;3;yes;0;%;Monterrey;television;3Megas;0;no;Activo;0
7379;01/12/2020;27/12/2020;21008;0;0;3992;25000;;;due;5435;8;;1;yes;0;%;Monterrey;television;no;0;no;Activo;0
7380;01/12/2020;27/12/2020;86008;0;0;3992;90000;;;due;5436;8;;3;yes;0;%;Monterrey;television;5Megas;0;no;Activo;0
7381;01/12/2020;27/12/2020;71675;0;0;3992;75667;;;due;5437;8;;3;yes;0;%;Monterrey;television;5Megas;0;no;Activo;0
7382;01/12/2020;27/12/2020;71008;0;0;3992;75000;;;due;5438;8;;2;yes;0;%;Monterrey;television;no;0;no;Activo;0
7383;01/12/2020;27/12/2020;21008;0;0;3992;25000;;;due;5439;8;;1;yes;0;%;Monterrey;television;no;0;no;Activo;0
7384;01/12/2020;27/12/2020;21008;0;0;3992;25000;;;due;5440;8;;1;yes;0;%;Monterrey;television;no;0;no;Activo;0
7385;01/12/2020;27/12/2020;21008;0;0;3992;25000;;;due;5441;8;;1;yes;0;%;Monterrey;television;no;0;no;Activo;0
7386;01/12/2020;27/12/2020;21008;0;0;3992;25000;;;due;5442;8;;1;yes;0;%;Monterrey;television;no;0;no;Activo;0
7387;01/12/2020;27/12/2020;46008;0;0;3992;50000;;;due;5443;8;;2;yes;0;%;Monterrey;television;no;0;no;Activo;0
7388;01/12/2020;27/12/2020;61008;0;0;3992;65000;;;due;5444;8;;2;yes;0;%;Monterrey;television;5Megas;0;no;Activo;0
7389;01/12/2020;27/12/2020;21008;0;0;3992;25000;;;due;5445;8;;1;yes;0;%;Monterrey;television;no;0;no;Activo;0
7390;01/12/2020;27/12/2020;21008;0;0;3992;25000;;;due;5446;8;;1;yes;0;%;Monterrey;television;no;0;no;Activo;0
7391;01/12/2020;27/12/2020;46008;0;0;3992;50000;;;due;5447;8;;2;yes;0;%;Monterrey;television;no;0;no;Activo;0
7392;01/12/2020;27/12/2020;71008;0;0;3992;75000;;;due;5448;8;;2;yes;0;%;Monterrey;television;no;0;no;Activo;0
7393;01/12/2020;27/12/2020;21008;0;0;3992;25000;;;due;5449;8;;1;yes;0;%;Monterrey;television;no;0;no;Activo;0
7394;01/12/2020;27/12/2020;51008;0;0;3992;55000;;;due;5450;8;;2;yes;0;%;Monterrey;television;3Megas;0;no;Activo;0
7395;01/12/2020;27/12/2020;46008;0;0;3992;50000;;;due;5451;8;;2;yes;0;%;Monterrey;television;no;0;no;Activo;0
7396;01/12/2020;27/12/2020;46008;0;0;3992;50000;;;due;5452;8;;2;yes;0;%;Monterrey;television;no;0;no;Activo;0
7397;01/12/2020;27/12/2020;46008;0;0;3992;50000;;;due;5453;8;;2;yes;0;%;Monterrey;television;no;0;no;Activo;0
7398;01/12/2020;27/12/2020;21008;0;0;3992;25000;;;due;5454;8;;1;yes;0;%;Monterrey;television;no;0;no;Activo;0
7399;01/12/2020;27/12/2020;46008;0;0;3992;50000;;;due;5455;8;;2;yes;0;%;Monterrey;television;no;0;no;Activo;0
7400;01/12/2020;27/12/2020;61008;0;0;3992;65000;;;due;5456;8;;2;yes;0;%;Monterrey;television;5Megas;0;no;Activo;0
7401;01/12/2020;27/12/2020;121008;0;0;3992;125000;;;due;5457;8;;2;yes;0;%;Monterrey;television;no;0;no;Activo;0
7402;01/12/2020;27/12/2020;51008;0;0;3992;55000;;;due;5458;8;;2;yes;0;%;Monterrey;television;3Megas;0;no;Activo;0
7403;01/12/2020;27/12/2020;21008;0;0;3992;25000;;;due;5459;8;;1;yes;0;%;Monterrey;television;no;0;no;Activo;0
7404;01/12/2020;27/12/2020;51008;0;0;3992;55000;;;due;5460;8;;2;yes;0;%;Monterrey;television;3Megas;0;no;Activo;0
7405;01/12/2020;27/12/2020;96008;0;0;3992;100000;;;due;5461;8;;2;yes;0;%;Monterrey;television;no;0;no;Activo;0
7406;01/12/2020;27/12/2020;0;0;0;0;0;;;due;5462;8;;2;yes;0;%;Monterrey;television;5Megas;0;no;Activo;0
7407;01/12/2020;27/12/2020;21008;0;0;3992;25000;;;due;5463;8;;1;yes;0;%;Monterrey;television;no;0;no;Activo;0
7408;01/12/2020;27/12/2020;21008;0;0;3992;25000;;;due;5464;8;;1;yes;0;%;Monterrey;television;no;0;no;Activo;0
7409;01/12/2020;27/12/2020;46008;0;0;3992;50000;;;due;5465;8;;2;yes;0;%;Monterrey;television;no;0;no;Activo;0
7410;01/12/2020;27/12/2020;21008;0;0;3992;25000;;;due;5466;8;;1;yes;0;%;Monterrey;television;no;0;no;Activo;0
7411;01/12/2020;27/12/2020;46008;0;0;3992;50000;;;due;5467;8;;2;yes;0;%;Monterrey;television;no;0;no;Activo;0
7412;01/12/2020;27/12/2020;69341;0;0;3992;73333;;;due;5468;8;;2;yes;0;%;Monterrey;television;no;0;no;Activo;0
7413;01/12/2020;27/12/2020;51008;0;0;3992;55000;;;due;5469;8;;2;yes;0;%;Monterrey;television;3Megas;0;no;Activo;0
7414;01/12/2020;27/12/2020;71008;0;0;3992;75000;;;due;5470;8;;2;yes;0;%;Monterrey;television;no;0;no;Activo;0
7415;01/12/2020;27/12/2020;61008;0;0;3992;65000;;;due;5471;8;;2;yes;0;%;Monterrey;television;5Megas;0;no;Activo;0
7416;01/12/2020;27/12/2020;46008;0;0;3992;50000;;;due;5472;8;;2;yes;0;%;Monterrey;television;no;0;no;Activo;0
7417;01/12/2020;27/12/2020;46008;0;0;3992;50000;;;due;5473;8;;2;yes;0;%;Monterrey;television;no;0;no;Activo;0
7418;01/12/2020;27/12/2020;61008;0;0;3992;65000;;;due;5474;8;;2;yes;0;%;Monterrey;television;5Megas;0;no;Activo;0
7419;01/12/2020;27/12/2020;101008;0;0;3992;105000;;;due;5475;8;;2;yes;0;%;Monterrey;television;10Megas;0;no;Activo;0
7420;01/12/2020;27/12/2020;21008;0;0;3992;25000;;;due;5476;8;;1;yes;0;%;Monterrey;television;no;0;no;Activo;0
7421;01/12/2020;27/12/2020;61008;0;0;3992;65000;;;due;5477;8;;2;yes;0;%;Monterrey;television;5Megas;0;no;Activo;0
7422;01/12/2020;27/12/2020;46008;0;0;3992;50000;;;due;5478;8;;2;yes;0;%;Monterrey;television;no;0;no;Activo;0
7423;01/12/2020;27/12/2020;56008;0;0;3992;60000;;;due;5479;8;;3;yes;0;%;Monterrey;television;3Megas;0;no;Activo;0
7424;01/12/2020;27/12/2020;51008;0;0;3992;55000;;;due;5480;8;;2;yes;0;%;Monterrey;television;3Megas;0;no;Activo;0
7425;01/12/2020;27/12/2020;46008;0;0;3992;50000;;;due;5481;8;;2;yes;0;%;Monterrey;television;no;0;no;Activo;0
7426;01/12/2020;27/12/2020;21008;0;0;3992;25000;;;due;5482;8;;1;yes;0;%;Monterrey;television;no;0;no;Activo;0
7427;01/12/2020;27/12/2020;71008;0;0;3992;75000;;;due;5483;8;;2;yes;0;%;Monterrey;television;no;0;no;Activo;0
7428;01/12/2020;27/12/2020;71675;0;0;3992;75667;;;due;5484;8;;3;yes;0;%;Monterrey;television;5Megas;0;no;Activo;0
7429;01/12/2020;27/12/2020;61008;0;0;3992;65000;;;due;5485;8;;2;yes;0;%;Monterrey;television;5Megas;0;no;Activo;0
7430;01/12/2020;27/12/2020;46008;0;0;3992;50000;;;due;5486;8;;2;yes;0;%;Monterrey;television;no;0;no;Activo;0
7431;01/12/2020;27/12/2020;71008;0;0;3992;75000;;;due;5487;8;;2;yes;0;%;Monterrey;television;no;0;no;Activo;0
7432;01/12/2020;27/12/2020;21008;0;0;3992;25000;;;due;5488;8;;1;yes;0;%;Monterrey;television;no;0;no;Activo;0
7433;01/12/2020;27/12/2020;51008;0;0;3992;55000;;;due;5489;8;;2;yes;0;%;Monterrey;television;3Megas;0;no;Activo;0
7434;01/12/2020;27/12/2020;71008;0;0;3992;75000;;;due;5490;8;;2;yes;0;%;Monterrey;television;no;0;no;Activo;0
7435;01/12/2020;27/12/2020;71008;0;0;3992;75000;;;due;5491;8;;3;yes;0;%;Monterrey;television;3Megas;0;no;Activo;0
7436;01/12/2020;27/12/2020;51008;0;0;3992;55000;;;due;5492;8;;2;yes;0;%;Monterrey;television;3Megas;0;no;Activo;0
7437;01/12/2020;27/12/2020;57008;0;0;3992;61000;;;due;5493;8;;2;yes;0;%;Monterrey;television;no;0;no;Activo;0
7438;01/12/2020;27/12/2020;46008;0;0;3992;50000;;;due;5494;8;;2;yes;0;%;Monterrey;television;no;0;no;Activo;0
7439;01/12/2020;27/12/2020;71008;0;0;3992;75000;;;due;5495;8;;3;yes;0;%;Monterrey;television;3Megas;0;no;Activo;0
7440;01/12/2020;27/12/2020;21008;0;0;3992;25000;;;due;5496;8;;1;yes;0;%;Monterrey;television;no;0;no;Activo;0
7441;01/12/2020;27/12/2020;51008;0;0;3992;55000;;;due;5497;8;;2;yes;0;%;Monterrey;television;3Megas;0;no;Activo;0
7442;01/12/2020;27/12/2020;46008;0;0;3992;50000;;;due;5498;8;;2;yes;0;%;Monterrey;television;no;0;no;Activo;0
7443;01/12/2020;27/12/2020;66008;0;0;3992;70000;;;due;5499;8;;2;yes;0;%;Monterrey;television;no;0;no;Activo;0
7444;01/12/2020;27/12/2020;21008;0;0;3992;25000;;;due;5500;8;;1;yes;0;%;Monterrey;television;no;0;no;Activo;0
7445;01/12/2020;27/12/2020;61008;0;0;3992;65000;;;due;5501;8;;2;yes;0;%;Monterrey;television;5Megas;0;no;Activo;0
7446;01/12/2020;27/12/2020;71008;0;0;3992;75000;;;due;5502;8;;2;yes;0;%;Monterrey;television;no;0;no;Activo;0
7447;01/12/2020;27/12/2020;21008;0;0;3992;25000;;;due;5503;8;;1;yes;0;%;Monterrey;television;no;0;no;Activo;0
7448;01/12/2020;27/12/2020;21008;0;0;3992;25000;;;due;5504;8;;2;yes;0;%;Monterrey;television;3Megas;0;no;Activo;0
7449;01/12/2020;27/12/2020;51008;0;0;3992;55000;;;due;5505;8;;2;yes;0;%;Monterrey;television;3Megas;0;no;Activo;0
7450;01/12/2020;27/12/2020;46008;0;0;3992;50000;;;due;5506;8;;2;yes;0;%;Monterrey;television;no;0;no;Activo;0
7451;01/12/2020;27/12/2020;51008;0;0;3992;55000;;;due;5507;8;;2;yes;0;%;Monterrey;television;3Megas;0;no;Activo;0
7452;01/12/2020;27/12/2020;21008;0;0;3992;25000;;;due;5508;8;;1;yes;0;%;Monterrey;television;no;0;no;Activo;0
7453;01/12/2020;27/12/2020;71008;0;0;3992;75000;;;due;5509;8;;2;yes;0;%;Monterrey;television;no;0;no;Activo;0
7454;01/12/2020;27/12/2020;71008;0;0;3992;75000;;;due;5510;8;;2;yes;0;%;Monterrey;television;no;0;no;Activo;0
7455;01/12/2020;27/12/2020;21008;0;0;3992;25000;;;due;5511;8;;1;yes;0;%;Monterrey;television;no;0;no;Activo;0
7456;01/12/2020;27/12/2020;46008;0;0;3992;50000;;;due;5512;8;;2;yes;0;%;Monterrey;television;no;0;no;Activo;0
7457;01/12/2020;27/12/2020;66008;0;0;3992;70000;;;due;5513;8;;3;yes;0;%;Monterrey;television;5Megas;0;no;Activo;0
7458;01/12/2020;27/12/2020;21008;0;0;3992;25000;;;due;5514;8;;1;yes;0;%;Monterrey;television;no;0;no;Activo;0
7459;01/12/2020;27/12/2020;61008;0;0;3992;65000;;;due;5515;8;;2;yes;0;%;Monterrey;television;5Megas;0;no;Activo;0
7460;01/12/2020;27/12/2020;51008;0;0;3992;55000;;;due;5516;8;;2;yes;0;%;Monterrey;television;3Megas;0;no;Activo;0
7461;01/12/2020;27/12/2020;61008;0;0;3992;65000;;;due;5517;8;;2;yes;0;%;Monterrey;television;5Megas;0;no;Activo;0
7462;01/12/2020;27/12/2020;101008;0;0;3992;105000;;;due;5518;8;;2;yes;0;%;Monterrey;television;10Megas;0;no;Activo;0
7463;01/12/2020;27/12/2020;51008;0;0;3992;55000;;;due;5519;8;;2;yes;0;%;Monterrey;television;3Megas;0;no;Activo;0
7464;01/12/2020;27/12/2020;21008;0;0;3992;25000;;;due;5520;8;;1;yes;0;%;Monterrey;television;no;0;no;Activo;0
7465;01/12/2020;27/12/2020;81008;0;0;3992;85000;;;due;5521;8;;3;yes;0;%;Monterrey;television;3Megas;0;no;Activo;0
7466;01/12/2020;27/12/2020;21008;0;0;3992;25000;;;due;5522;8;;1;yes;0;%;Monterrey;television;no;0;no;Activo;0
7467;01/12/2020;27/12/2020;21008;0;0;3992;25000;;;due;5523;8;;1;yes;0;%;Monterrey;television;no;0;no;Activo;0
7468;01/12/2020;27/12/2020;51008;0;0;3992;55000;;;due;5524;8;;2;yes;0;%;Monterrey;television;3Megas;0;no;Activo;0
7469;01/12/2020;27/12/2020;51008;0;0;3992;55000;;;due;5525;8;;2;yes;0;%;Monterrey;television;3Megas;0;no;Activo;0
7470;01/12/2020;27/12/2020;46008;0;0;3992;50000;;;due;5526;8;;2;yes;0;%;Monterrey;television;no;0;no;Activo;0
7471;01/12/2020;27/12/2020;21008;0;0;3992;25000;;;due;5527;8;;1;yes;0;%;Monterrey;television;no;0;no;Activo;0
7472;01/12/2020;27/12/2020;51008;0;0;3992;55000;;;due;5528;8;;2;yes;0;%;Monterrey;television;3Megas;0;no;Activo;0
7473;01/12/2020;27/12/2020;61008;0;0;3992;65000;;;due;5529;8;;2;yes;0;%;Monterrey;television;5Megas;0;no;Activo;0
7474;01/12/2020;27/12/2020;21008;0;0;3992;25000;;;due;5530;8;;1;yes;0;%;Monterrey;television;no;0;no;Activo;0
7475;01/12/2020;27/12/2020;51008;0;0;3992;55000;;;due;5531;8;;2;yes;0;%;Monterrey;television;3Megas;0;no;Activo;0
7476;01/12/2020;27/12/2020;21008;0;0;3992;25000;;;due;5532;8;;1;yes;0;%;Monterrey;television;no;0;no;Activo;0
7477;01/12/2020;27/12/2020;61008;0;0;3992;65000;;;due;5533;8;;2;yes;0;%;Monterrey;television;5Megas;0;no;Activo;0
7478;01/12/2020;27/12/2020;34234;0;0;3992;38226;;;due;5534;8;;2;yes;0;%;Monterrey;television;no;0;no;Activo;0
7479;01/12/2020;27/12/2020;21008;0;0;3992;25000;;;due;5535;8;;1;yes;0;%;Monterrey;television;no;0;no;Activo;0
7480;01/12/2020;27/12/2020;61008;0;0;3992;65000;;;due;5536;8;;2;yes;0;%;Monterrey;television;5Megas;0;no;Activo;0
7481;01/12/2020;27/12/2020;51008;0;0;3992;55000;;;due;5537;8;;2;yes;0;%;Monterrey;television;3Megas;0;no;Activo;0
7482;01/12/2020;27/12/2020;51008;0;0;3992;55000;;;due;5538;8;;2;yes;0;%;Monterrey;television;3Megas;0;no;Activo;0
7483;01/12/2020;27/12/2020;71008;0;0;3992;75000;;;due;5539;8;;2;yes;0;%;Monterrey;television;no;0;no;Activo;0
7484;01/12/2020;27/12/2020;46008;0;0;3992;50000;;;due;5540;8;;2;yes;0;%;Monterrey;television;no;0;no;Activo;0
7485;01/12/2020;27/12/2020;46008;0;0;3992;50000;;;due;5541;8;;2;yes;0;%;Monterrey;television;no;0;no;Activo;0
7486;01/12/2020;27/12/2020;61008;0;0;3992;65000;;;due;5542;8;;2;yes;0;%;Monterrey;television;5Megas;0;no;Activo;0
7487;01/12/2020;27/12/2020;50847;0;0;3992;54839;;;due;5543;8;;2;yes;0;%;Monterrey;television;no;0;no;Activo;0
7488;01/12/2020;27/12/2020;46008;0;0;3992;50000;;;due;5544;8;;2;yes;0;%;Monterrey;television;no;0;no;Activo;0
7489;01/12/2020;27/12/2020;71008;0;0;3992;75000;;;due;5545;8;;2;yes;0;%;Monterrey;television;no;0;no;Activo;0
7490;01/12/2020;27/12/2020;61008;0;0;3992;65000;;;due;5546;8;;2;yes;0;%;Monterrey;television;5Megas;0;no;Activo;0
7491;01/12/2020;27/12/2020;21008;0;0;3992;25000;;;due;5547;8;;1;yes;0;%;Monterrey;television;no;0;no;Activo;0
7492;01/12/2020;27/12/2020;61008;0;0;3992;65000;;;due;5548;8;;2;yes;0;%;Monterrey;television;5Megas;0;no;Activo;0
7493;01/12/2020;27/12/2020;46008;0;0;3992;50000;;;due;5549;8;;2;yes;0;%;Monterrey;television;no;0;no;Activo;0
7494;01/12/2020;27/12/2020;21008;0;0;3992;25000;;;due;5550;8;;1;yes;0;%;Monterrey;television;no;0;no;Activo;0
7495;01/12/2020;27/12/2020;71008;0;0;3992;75000;;;due;5551;8;;2;yes;0;%;Monterrey;television;no;0;no;Activo;0
7496;01/12/2020;27/12/2020;46008;0;0;3992;50000;;;due;5552;8;;2;yes;0;%;Monterrey;television;no;0;no;Activo;0
7497;01/12/2020;27/12/2020;61008;0;0;3992;65000;;;due;5553;8;;2;yes;0;%;Monterrey;television;5Megas;0;no;Activo;0
7498;01/12/2020;27/12/2020;24610;0;0;3992;28602;;;due;5554;8;;2;yes;0;%;Monterrey;television;no;0;no;Activo;0
7499;01/12/2020;27/12/2020;46008;0;0;3992;50000;;;due;5555;8;;2;yes;0;%;Monterrey;television;no;0;no;Activo;0
7500;01/12/2020;27/12/2020;51008;0;0;3992;55000;;;due;5556;8;;2;yes;0;%;Monterrey;television;3Megas;0;no;Activo;0
7501;01/12/2020;27/12/2020;96008;0;0;3992;100000;;;due;5557;8;;2;yes;0;%;Monterrey;television;no;0;no;Activo;0
7502;01/12/2020;27/12/2020;21008;0;0;3992;25000;;;due;5558;8;;1;yes;0;%;Monterrey;television;no;0;no;Activo;0
7503;01/12/2020;27/12/2020;61008;0;0;3992;65000;;;due;5559;8;;2;yes;0;%;Monterrey;television;5Megas;0;no;Activo;0
7504;01/12/2020;27/12/2020;106008;0;0;3992;110000;;;due;5560;8;;3;yes;0;%;Monterrey;television;3Megas;0;no;Activo;0
7505;01/12/2020;27/12/2020;71008;0;0;3992;75000;;;due;5561;8;;2;yes;0;%;Monterrey;television;no;0;no;Activo;0
7506;01/12/2020;27/12/2020;51008;0;0;3992;55000;;;due;5562;8;;2;yes;0;%;Monterrey;television;3Megas;0;no;Activo;0
7507;01/12/2020;27/12/2020;46008;0;0;3992;50000;;;due;5563;8;;2;yes;0;%;Monterrey;television;no;0;no;Activo;0
7508;01/12/2020;27/12/2020;51008;0;0;3992;55000;;;due;5564;8;;2;yes;0;%;Monterrey;television;3Megas;0;no;Activo;0
7509;01/12/2020;27/12/2020;21008;0;0;3992;25000;;;due;5565;8;;1;yes;0;%;Monterrey;television;no;0;no;Activo;0
7510;01/12/2020;27/12/2020;21008;0;0;3992;25000;;;due;5566;8;;1;yes;0;%;Monterrey;television;no;0;no;Activo;0
7511;01/12/2020;27/12/2020;21008;0;0;3992;25000;;;due;5567;8;;1;yes;0;%;Monterrey;television;no;0;no;Activo;0
7512;01/12/2020;27/12/2020;47008;0;0;3992;51000;;;due;5568;8;;3;yes;0;%;Monterrey;television;3Megas;0;no;Activo;0
7513;01/12/2020;27/12/2020;46008;0;0;3992;50000;;;due;5569;8;;2;yes;0;%;Monterrey;television;no;0;no;Activo;0
7514;01/12/2020;27/12/2020;51008;0;0;3992;55000;;;due;5570;8;;2;yes;0;%;Monterrey;television;3Megas;0;no;Activo;0
7515;01/12/2020;27/12/2020;64341;0;0;3992;68333;;;due;5571;8;;2;yes;0;%;Monterrey;television;no;0;no;Activo;0
7516;01/12/2020;27/12/2020;71008;0;0;3992;75000;;;due;5572;8;;2;yes;0;%;Monterrey;television;no;0;no;Activo;0
7517;01/12/2020;27/12/2020;46008;0;0;3992;50000;;;due;5573;8;;2;yes;0;%;Monterrey;television;no;0;no;Activo;0
7518;01/12/2020;27/12/2020;21008;0;0;3992;25000;;;due;5574;8;;1;yes;0;%;Monterrey;television;no;0;no;Activo;0
7519;01/12/2020;27/12/2020;21008;0;0;3992;25000;;;due;5575;8;;2;yes;0;%;Monterrey;television;3Megas;0;no;Activo;0
7520;01/12/2020;27/12/2020;46008;0;0;3992;50000;;;due;5576;8;;2;yes;0;%;Monterrey;television;no;0;no;Activo;0
7521;01/12/2020;27/12/2020;51008;0;0;3992;55000;;;due;5577;8;;2;yes;0;%;Monterrey;television;3Megas;0;no;Activo;0
7522;01/12/2020;27/12/2020;21008;0;0;3992;25000;;;due;5578;8;;1;yes;0;%;Monterrey;television;no;0;no;Activo;0
7523;01/12/2020;27/12/2020;46008;0;0;3992;50000;;;due;5579;8;;2;yes;0;%;Monterrey;television;no;0;no;Activo;0
7524;01/12/2020;27/12/2020;46008;0;0;3992;50000;;;due;5580;8;;2;yes;0;%;Monterrey;television;no;0;no;Activo;0
7525;01/12/2020;27/12/2020;46008;0;0;3992;50000;;;due;5581;8;;2;yes;0;%;Monterrey;television;no;0;no;Activo;0
7526;01/12/2020;27/12/2020;21008;0;0;3992;25000;;;due;5582;8;;1;yes;0;%;Monterrey;television;no;0;no;Activo;0
7527;01/12/2020;27/12/2020;61008;0;0;3992;65000;;;due;5583;8;;2;yes;0;%;Monterrey;television;5Megas;0;no;Activo;0
7528;01/12/2020;27/12/2020;21008;0;0;3992;25000;;;due;5584;8;;1;yes;0;%;Monterrey;television;no;0;no;Activo;0
7529;01/12/2020;27/12/2020;0;0;0;0;0;;;due;5585;8;;1;yes;0;%;Monterrey;television;no;0;no;Activo;0
7530;01/12/2020;27/12/2020;46008;0;0;3992;50000;;;due;5586;8;;2;yes;0;%;Monterrey;television;no;0;no;Activo;0
7531;01/12/2020;27/12/2020;50008;0;0;3992;54000;;;due;5587;8;;3;yes;0;%;Monterrey;television;3Megas;0;no;Activo;0
7532;01/12/2020;27/12/2020;106008;0;0;3992;110000;;;due;5588;8;;3;yes;0;%;Monterrey;television;3Megas;0;no;Activo;0
7533;01/12/2020;27/12/2020;51008;0;0;3992;55000;;;due;5589;8;;2;yes;0;%;Monterrey;television;3Megas;0;no;Activo;0
7534;01/12/2020;27/12/2020;61008;0;0;3992;65000;;;due;5590;8;;2;yes;0;%;Monterrey;television;5Megas;0;no;Activo;0
7535;01/12/2020;27/12/2020;0;0;0;0;0;;;due;5591;8;;1;yes;0;%;Monterrey;television;no;0;no;Activo;0
7536;01/12/2020;27/12/2020;126008;0;0;3992;130000;;;due;5592;8;;3;yes;0;%;Monterrey;television;5Megas;0;no;Activo;0
7537;01/12/2020;27/12/2020;51008;0;0;3992;55000;;;due;5593;8;;2;yes;0;%;Monterrey;television;3Megas;0;no;Activo;0
7538;01/12/2020;27/12/2020;61008;0;0;3992;65000;;;due;5594;8;;2;yes;0;%;Monterrey;television;5Megas;0;no;Activo;0
7539;01/12/2020;27/12/2020;46008;0;0;3992;50000;;;due;5595;8;;2;yes;0;%;Monterrey;television;no;0;no;Activo;0
7540;01/12/2020;27/12/2020;46008;0;0;3992;50000;;;due;5596;8;;2;yes;0;%;Monterrey;television;no;0;no;Activo;0
7541;01/12/2020;27/12/2020;21008;0;0;3992;25000;;;due;5597;8;;1;yes;0;%;Monterrey;television;no;0;no;Activo;0
7542;01/12/2020;27/12/2020;61008;0;0;3992;65000;;;due;5598;8;;2;yes;0;%;Monterrey;television;5Megas;0;no;Activo;0
7543;01/12/2020;27/12/2020;101008;0;0;3992;105000;;;due;5599;8;;2;yes;0;%;Monterrey;television;10Megas;0;no;Activo;0
7544;01/12/2020;27/12/2020;71008;0;0;3992;75000;;;due;5600;8;;2;yes;0;%;Monterrey;television;no;0;no;Activo;0
7545;01/12/2020;27/12/2020;46008;0;0;3992;50000;;;due;5601;8;;2;yes;0;%;Monterrey;television;no;0;no;Activo;0
7546;01/12/2020;27/12/2020;46008;0;0;3992;50000;;;due;5602;8;;3;yes;0;%;Monterrey;television;3Megas;0;no;Activo;0
7547;01/12/2020;27/12/2020;46008;0;0;3992;50000;;;due;5603;8;;2;yes;0;%;Monterrey;television;no;0;no;Activo;0
7548;01/12/2020;27/12/2020;71008;0;0;3992;75000;;;due;5604;8;;2;yes;0;%;Monterrey;television;no;0;no;Activo;0
7549;01/12/2020;27/12/2020;51008;0;0;3992;55000;;;due;5605;8;;2;yes;0;%;Monterrey;television;no;0;no;Activo;0
7550;01/12/2020;27/12/2020;21008;0;0;3992;25000;;;due;5606;8;;1;yes;0;%;Monterrey;television;no;0;no;Activo;0
7551;01/12/2020;27/12/2020;46008;0;0;3992;50000;;;due;5607;8;;2;yes;0;%;Monterrey;television;no;0;no;Activo;0
7552;01/12/2020;27/12/2020;-6671;0;0;3992;-2679;;;due;5608;8;;1;yes;0;%;Monterrey;television;no;0;no;Activo;0
7553;01/12/2020;27/12/2020;21008;0;0;3992;25000;;;due;5609;8;;1;yes;0;%;Monterrey;television;no;0;no;Activo;0
7554;01/12/2020;27/12/2020;96008;0;0;3992;100000;;;due;5610;8;;2;yes;0;%;Monterrey;television;no;0;no;Activo;0
7555;01/12/2020;27/12/2020;46008;0;0;3992;50000;;;due;5611;8;;2;yes;0;%;Monterrey;television;no;0;no;Activo;0
7556;01/12/2020;27/12/2020;96008;0;0;3992;100000;;;due;5612;8;;3;yes;0;%;Monterrey;television;5Megas;0;no;Activo;0
7557;01/12/2020;27/12/2020;21008;0;0;3992;25000;;;due;5613;8;;1;yes;0;%;Monterrey;television;no;0;no;Activo;0
7558;01/12/2020;27/12/2020;46008;0;0;3992;50000;;;due;5614;8;;2;yes;0;%;Monterrey;television;no;0;no;Activo;0
7559;01/12/2020;27/12/2020;21008;0;0;3992;25000;;;due;5615;8;;1;yes;0;%;Monterrey;television;no;0;no;Activo;0
7560;01/12/2020;27/12/2020;71008;0;0;3992;75000;;;due;5616;8;;2;yes;0;%;Monterrey;television;no;0;no;Activo;0
7561;01/12/2020;27/12/2020;21008;0;0;3992;25000;;;due;5617;8;;1;yes;0;%;Monterrey;television;no;0;no;Activo;0
7562;01/12/2020;27/12/2020;71008;0;0;3992;75000;;;due;5618;8;;2;yes;0;%;Monterrey;television;no;0;no;Activo;0
7563;01/12/2020;27/12/2020;61008;0;0;3992;65000;;;due;5619;8;;2;yes;0;%;Monterrey;television;5Megas;0;no;Activo;0
7564;01/12/2020;27/12/2020;71525;0;0;3992;75517;;;due;5620;8;;2;yes;0;%;Monterrey;television;no;0;no;Activo;0
7565;01/12/2020;27/12/2020;46008;0;0;3992;50000;;;due;5621;8;;2;yes;0;%;Monterrey;television;no;0;no;Activo;0
7566;01/12/2020;27/12/2020;51008;0;0;3992;55000;;;due;5622;8;;2;yes;0;%;Monterrey;television;3Megas;0;no;Activo;0
7567;01/12/2020;27/12/2020;61008;0;0;3992;65000;;;due;5623;8;;2;yes;0;%;Monterrey;television;5Megas;0;no;Activo;0
7568;01/12/2020;27/12/2020;21008;0;0;3992;25000;;;due;5624;8;;1;yes;0;%;Monterrey;television;no;0;no;Activo;0
7569;01/12/2020;27/12/2020;51008;0;0;3992;55000;;;due;5625;8;;2;yes;0;%;Monterrey;television;3Megas;0;no;Activo;0
7570;01/12/2020;27/12/2020;46008;0;0;3992;50000;;;due;5626;8;;2;yes;0;%;Monterrey;television;no;0;no;Activo;0
7571;01/12/2020;27/12/2020;96008;0;0;3992;100000;;;due;5627;8;;2;yes;0;%;Monterrey;television;no;0;no;Activo;0
7572;01/12/2020;27/12/2020;95008;0;0;3992;99000;;;due;5628;8;;3;yes;0;%;Monterrey;television;3Megas;0;no;Activo;0
7573;01/12/2020;27/12/2020;51008;0;0;3992;55000;;;due;5629;8;;2;yes;0;%;Monterrey;television;3Megas;0;no;Activo;0
7574;01/12/2020;27/12/2020;21008;0;0;3992;25000;;;due;5630;8;;1;yes;0;%;Monterrey;television;no;0;no;Activo;0
7575;01/12/2020;27/12/2020;71008;0;0;3992;75000;;;due;5631;8;;2;yes;0;%;Monterrey;television;no;0;no;Activo;0
7576;01/12/2020;27/12/2020;82675;0;0;3992;86667;;;due;5632;8;;2;yes;0;%;Monterrey;television;no;0;no;Activo;0
7577;01/12/2020;27/12/2020;51008;0;0;3992;55000;;;due;5633;8;;2;yes;0;%;Monterrey;television;3Megas;0;no;Activo;0
7578;01/12/2020;27/12/2020;51008;0;0;3992;55000;;;due;5634;8;;2;yes;0;%;Monterrey;television;no;0;no;Activo;0
7579;01/12/2020;27/12/2020;91008;0;0;3992;95000;;;due;5635;8;;2;yes;0;%;Monterrey;television;no;0;no;Activo;0
7580;01/12/2020;27/12/2020;46008;0;0;3992;50000;;;due;5636;8;;2;yes;0;%;Monterrey;television;no;0;no;Activo;0
7581;01/12/2020;27/12/2020;46008;0;0;3992;50000;;;due;5637;8;;2;yes;0;%;Monterrey;television;no;0;no;Activo;0
7582;01/12/2020;27/12/2020;96008;0;0;3992;100000;;;due;5638;8;;2;yes;0;%;Monterrey;television;no;0;no;Activo;0
7583;01/12/2020;27/12/2020;51008;0;0;3992;55000;;;due;5639;8;;2;yes;0;%;Monterrey;television;3Megas;0;no;Activo;0
7584;01/12/2020;27/12/2020;21008;0;0;3992;25000;;;due;5640;8;;1;yes;0;%;Monterrey;television;no;0;no;Activo;0
7585;01/12/2020;27/12/2020;46008;0;0;3992;50000;;;due;5641;8;;2;yes;0;%;Monterrey;television;no;0;no;Activo;0
7586;01/12/2020;27/12/2020;30008;0;0;3992;34000;;;due;5642;8;;2;yes;0;%;Monterrey;television;no;0;no;Activo;0
7587;01/12/2020;27/12/2020;61008;0;0;3992;65000;;;due;5643;8;;2;yes;0;%;Monterrey;television;5Megas;0;no;Activo;0
7588;01/12/2020;27/12/2020;61008;0;0;3992;65000;;;due;5644;8;;2;yes;0;%;Monterrey;television;5Megas;0;no;Activo;0
7589;01/12/2020;27/12/2020;21508;0;0;3992;25500;;;due;5645;8;;2;yes;0;%;Monterrey;television;no;0;no;Activo;0
7590;01/12/2020;27/12/2020;46008;0;0;3992;50000;;;due;5646;8;;3;yes;0;%;Monterrey;television;5Megas;0;no;Activo;0
7591;01/12/2020;27/12/2020;93589;0;0;3992;97581;;;due;5647;8;;2;yes;0;%;Monterrey;television;no;0;no;Activo;0
7592;01/12/2020;27/12/2020;0;0;0;0;0;;;due;5648;8;;1;yes;0;%;Monterrey;television;no;0;no;Activo;0
7593;01/12/2020;27/12/2020;51008;0;0;3992;55000;;;due;5649;8;;2;yes;0;%;Monterrey;television;3Megas;0;no;Activo;0
7594;01/12/2020;27/12/2020;61008;0;0;3992;65000;;;due;5650;8;;2;yes;0;%;Monterrey;television;5Megas;0;no;Activo;0
7595;01/12/2020;27/12/2020;0;0;0;0;0;;;due;5651;8;;1;yes;0;%;Monterrey;television;no;0;no;Activo;0
7596;01/12/2020;27/12/2020;21008;0;0;3992;25000;;;due;5652;8;;1;yes;0;%;Monterrey;television;no;0;no;Activo;0
7597;01/12/2020;27/12/2020;46008;0;0;3992;50000;;;due;5653;8;;2;yes;0;%;Monterrey;television;no;0;no;Activo;0
7598;01/12/2020;27/12/2020;46008;0;0;3992;50000;;;due;5654;8;;2;yes;0;%;Monterrey;television;no;0;no;Activo;0
7599;01/12/2020;27/12/2020;21008;0;0;3992;25000;;;due;5655;8;;1;yes;0;%;Monterrey;television;no;0;no;Activo;0
7600;01/12/2020;27/12/2020;61008;0;0;3992;65000;;;due;5656;8;;2;yes;0;%;Monterrey;television;5Megas;0;no;Activo;0
7601;01/12/2020;27/12/2020;71008;0;0;3992;75000;;;due;5657;8;;2;yes;0;%;Monterrey;television;no;0;no;Activo;0
7602;01/12/2020;27/12/2020;46008;0;0;3992;50000;;;due;5658;8;;2;yes;0;%;Monterrey;television;no;0;no;Activo;0
7603;01/12/2020;27/12/2020;61008;0;0;3992;65000;;;due;5659;8;;2;yes;0;%;Monterrey;television;5Megas;0;no;Activo;0
7604;01/12/2020;27/12/2020;21008;0;0;3992;25000;;;due;5660;8;;1;yes;0;%;Monterrey;television;no;0;no;Activo;0
7605;01/12/2020;27/12/2020;46008;0;0;3992;50000;;;due;5661;8;;2;yes;0;%;Monterrey;television;no;0;no;Activo;0
7606;01/12/2020;27/12/2020;46008;0;0;3992;50000;;;due;5662;8;;2;yes;0;%;Monterrey;television;no;0;no;Activo;0
7607;01/12/2020;27/12/2020;21008;0;0;3992;25000;;;due;5663;8;;1;yes;0;%;Monterrey;television;no;0;no;Activo;0
7608;01/12/2020;27/12/2020;59675;0;0;3992;63667;;;due;5664;8;;3;yes;0;%;Monterrey;television;5Megas;0;no;Activo;0
7609;01/12/2020;27/12/2020;21008;0;0;3992;25000;;;due;5665;8;;1;yes;0;%;Monterrey;television;no;0;no;Activo;0
7610;01/12/2020;27/12/2020;21008;0;0;3992;25000;;;due;5666;8;;1;yes;0;%;Monterrey;television;no;0;no;Activo;0
7611;01/12/2020;27/12/2020;96040;0;0;3992;100032;;;due;5667;8;;2;yes;0;%;Monterrey;television;no;0;no;Activo;0
7612;01/12/2020;27/12/2020;21008;0;0;3992;25000;;;due;5668;8;;1;yes;0;%;Monterrey;television;no;0;no;Activo;0
7613;01/12/2020;27/12/2020;61008;0;0;3992;65000;;;due;5669;8;;2;yes;0;%;Monterrey;television;5Megas;0;no;Activo;0
7614;01/12/2020;27/12/2020;21008;0;0;3992;25000;;;due;5670;8;;1;yes;0;%;Monterrey;television;no;0;no;Activo;0
7615;01/12/2020;27/12/2020;71008;0;0;3992;75000;;;due;5671;8;;3;yes;0;%;Monterrey;television;3Megas;0;no;Activo;0
7616;01/12/2020;27/12/2020;61008;0;0;3992;65000;;;due;5672;8;;2;yes;0;%;Monterrey;television;5Megas;0;no;Activo;0
7617;01/12/2020;27/12/2020;61008;0;0;3992;65000;;;due;5673;8;;2;yes;0;%;Monterrey;television;5Megas;0;no;Activo;0
7618;01/12/2020;27/12/2020;46008;0;0;3992;50000;;;due;5674;8;;2;yes;0;%;Monterrey;television;no;0;no;Activo;0
7619;01/12/2020;27/12/2020;37782;0;0;3992;41774;;;due;5675;8;;2;yes;0;%;Monterrey;television;no;0;no;Activo;0
7620;01/12/2020;27/12/2020;51008;0;0;3992;55000;;;due;5676;8;;2;yes;0;%;Monterrey;television;3Megas;0;no;Activo;0
7621;01/12/2020;27/12/2020;69008;0;0;3992;73000;;;due;5677;8;;3;yes;0;%;Monterrey;television;5Megas;0;no;Activo;0
7622;01/12/2020;27/12/2020;96008;0;0;3992;100000;;;due;5678;8;;2;yes;0;%;Monterrey;television;no;0;no;Activo;0
7623;01/12/2020;27/12/2020;46008;0;0;3992;50000;;;due;5679;8;;2;yes;0;%;Monterrey;television;no;0;no;Activo;0
7624;01/12/2020;27/12/2020;21008;0;0;3992;25000;;;due;5680;8;;1;yes;0;%;Monterrey;television;no;0;no;Activo;0
7625;01/12/2020;27/12/2020;21008;0;0;3992;25000;;;due;5681;8;;1;yes;0;%;Monterrey;television;no;0;no;Activo;0
7626;01/12/2020;27/12/2020;21008;0;0;3992;25000;;;due;5682;8;;1;yes;0;%;Monterrey;television;no;0;no;Activo;0
7627;01/12/2020;27/12/2020;0;0;0;0;0;;;due;5683;8;;1;yes;0;%;Monterrey;television;no;0;no;Activo;0
7628;01/12/2020;27/12/2020;46008;0;0;3992;50000;;;due;5684;8;;2;yes;0;%;Monterrey;television;no;0;no;Activo;0
7629;01/12/2020;27/12/2020;21008;0;0;3992;25000;;;due;5685;8;;1;yes;0;%;Monterrey;television;no;0;no;Activo;0
7630;01/12/2020;27/12/2020;61008;0;0;3992;65000;;;due;5686;8;;2;yes;0;%;Monterrey;television;5Megas;0;no;Activo;0
7631;01/12/2020;27/12/2020;51008;0;0;3992;55000;;;due;5687;8;;2;yes;0;%;Monterrey;television;3Megas;0;no;Activo;0
7632;01/12/2020;27/12/2020;61008;0;0;3992;65000;;;due;5688;8;;2;yes;0;%;Monterrey;television;5Megas;0;no;Activo;0
7633;01/12/2020;27/12/2020;61008;0;0;3992;65000;;;due;5689;8;;2;yes;0;%;Monterrey;television;5Megas;0;no;Activo;0
7634;01/12/2020;27/12/2020;21008;0;0;3992;25000;;;due;5690;8;;1;yes;0;%;Monterrey;television;no;0;no;Activo;0
7635;01/12/2020;27/12/2020;21008;0;0;3992;25000;;;due;5691;8;;1;yes;0;%;Monterrey;television;no;0;no;Activo;0
7636;01/12/2020;27/12/2020;21008;0;0;3992;25000;;;due;5692;8;;2;yes;0;%;Monterrey;television;3Megas;0;no;Activo;0
