tid;invoicedate;invoiceduedate;subtotal;shipping;discount;tax;Total;pmethod;notes;status;csd;eid;pamnt;items;taxstatus;discstatus;format_discount;refer;television;combo;punto;term;rec;ron;multi;saldo anterior
11922;01/12/2020;27/12/2020;-1786;0;0;0;-1786;;;paid;6745;8;0;1;yes;0;%;Monterrey;Television;no;0;0;no;Suspendido;0;0
11923;01/12/2020;27/12/2020;0;0;0;0;0;;;paid;6746;8;0;1;yes;0;%;Monterrey;Television;no;0;0;no;Suspendido;0;0
11924;01/12/2020;27/12/2020;0;0;0;0;0;;;paid;6747;8;0;1;yes;0;%;Monterrey;Television;no;0;0;no;Suspendido;0;0
11925;01/12/2020;27/12/2020;0;0;0;0;0;;;paid;6748;8;0;1;yes;0;%;Monterrey;Television;no;0;0;no;Suspendido;0;0
11926;01/12/2020;27/12/2020;0;0;0;0;0;;;paid;6749;8;0;1;yes;0;%;Monterrey;Television;no;0;0;no;Suspendido;0;0
11927;01/12/2020;27/12/2020;46008;0;0;3992;50000;;;due;6750;8;0;2;yes;0;%;Monterrey;Television;no;0;0;no;Suspendido;0;25000
11928;01/12/2020;27/12/2020;0;0;0;0;0;;;paid;6751;8;0;1;yes;0;%;Monterrey;Television;no;0;0;no;Suspendido;0;0
11929;01/12/2020;27/12/2020;-18600;0;0;0;-18600;;;paid;6752;8;0;1;yes;0;%;Monterrey;Television;no;0;0;no;Suspendido;0;0
11930;01/12/2020;27/12/2020;-806;0;0;0;-806;;;paid;6753;8;0;1;yes;0;%;Monterrey;Television;no;0;0;no;Suspendido;0;0
11931;01/12/2020;27/12/2020;-3333;0;0;0;-3333;;;paid;6754;8;0;1;yes;0;%;Monterrey;Television;no;0;0;no;Suspendido;0;0
11932;01/12/2020;27/12/2020;0;0;0;0;0;;;paid;6755;8;0;1;yes;0;%;Monterrey;Television;no;0;0;no;Suspendido;0;0
11933;01/12/2020;27/12/2020;0;0;0;0;0;;;paid;6756;8;0;1;yes;0;%;Monterrey;Television;no;0;0;no;Suspendido;0;0
11934;01/12/2020;27/12/2020;0;0;0;0;0;;;paid;6757;8;0;1;yes;0;%;Monterrey;Television;no;0;0;no;Suspendido;0;0
11935;01/12/2020;27/12/2020;0;0;0;0;0;;;paid;6758;8;0;1;yes;0;%;Monterrey;Television;no;0;0;no;Suspendido;0;0
11936;01/12/2020;27/12/2020;0;0;0;0;0;;;paid;6759;8;0;1;yes;0;%;Monterrey;Television;no;0;0;no;Suspendido;0;0
11937;01/12/2020;27/12/2020;-833;0;0;0;-833;;;paid;6760;8;0;1;yes;0;%;Monterrey;Television;no;0;0;no;Suspendido;0;0
11938;01/12/2020;27/12/2020;70975;0;0;3992;74967;;;due;6761;8;0;2;yes;0;%;Monterrey;Television;no;0;0;no;Suspendido;0;49967
11939;01/12/2020;27/12/2020;0;0;0;0;0;;;paid;6762;8;0;1;yes;0;%;Monterrey;Television;no;0;0;no;Suspendido;0;0
11940;01/12/2020;27/12/2020;0;0;0;0;0;;;paid;6763;8;0;1;yes;0;%;Monterrey;Television;no;0;0;no;Suspendido;0;0
11941;01/12/2020;27/12/2020;0;0;0;0;0;;;paid;6764;8;0;1;yes;0;%;Monterrey;Television;no;0;0;no;Suspendido;0;0
11942;01/12/2020;27/12/2020;71005;0;0;3992;74997;;;due;6765;8;0;2;yes;0;%;Monterrey;Television;no;0;0;no;Suspendido;0;49997
11943;01/12/2020;27/12/2020;0;0;0;0;0;;;paid;6766;8;0;1;yes;0;%;Monterrey;Television;no;0;0;no;Suspendido;0;0
11944;01/12/2020;27/12/2020;-24361;0;0;0;-24361;;;paid;6767;8;0;1;yes;0;%;Monterrey;Television;no;0;0;no;Suspendido;0;0
11945;01/12/2020;27/12/2020;-15323;0;0;0;-15323;;;paid;6768;8;0;1;yes;0;%;Monterrey;Television;no;0;0;no;Suspendido;0;0
11946;01/12/2020;27/12/2020;0;0;0;0;0;;;paid;6769;8;0;1;yes;0;%;Monterrey;Television;no;0;0;no;Suspendido;0;0
11947;01/12/2020;27/12/2020;-500;0;0;0;-500;;;paid;6770;8;0;1;yes;0;%;Monterrey;Television;no;0;0;no;Suspendido;0;0
11948;01/12/2020;27/12/2020;0;0;0;0;0;;;paid;6771;8;0;1;yes;0;%;Monterrey;Television;no;0;0;no;Suspendido;0;0
11949;01/12/2020;27/12/2020;0;0;0;0;0;;;paid;6772;8;0;1;yes;0;%;Monterrey;Television;no;0;0;no;Suspendido;0;0
11950;01/12/2020;27/12/2020;0;0;0;0;0;;;paid;6773;8;0;1;yes;0;%;Monterrey;Television;no;0;0;no;Suspendido;0;0
11951;01/12/2020;27/12/2020;-2863;0;0;3992;1129;;;due;6774;8;0;1;yes;0;%;Monterrey;Television;no;1;0;no;Suspendido;0;0
11952;01/12/2020;27/12/2020;0;0;0;0;0;;;paid;6775;8;0;1;yes;0;%;Monterrey;Television;no;0;0;no;Suspendido;0;0
11953;01/12/2020;27/12/2020;0;0;0;0;0;;;paid;6776;8;0;1;yes;0;%;Monterrey;Television;no;0;0;no;Suspendido;0;0
11954;01/12/2020;27/12/2020;0;0;0;0;0;;;paid;6777;8;0;1;yes;0;%;Monterrey;Television;no;0;0;no;Suspendido;0;0
11955;01/12/2020;27/12/2020;0;0;0;0;0;;;paid;6778;8;0;1;yes;0;%;Monterrey;Television;no;0;0;no;Suspendido;0;0
11956;01/12/2020;27/12/2020;71008;0;0;3992;75000;;;due;6779;8;0;2;yes;0;%;Monterrey;Television;no;0;0;no;Suspendido;0;50000
11957;01/12/2020;27/12/2020;-3226;0;0;0;-3226;;;paid;6780;8;0;1;yes;0;%;Monterrey;Television;no;0;0;no;Suspendido;0;0
11958;01/12/2020;27/12/2020;-10833;0;0;0;-10833;;;paid;6781;8;0;1;yes;0;%;Monterrey;Television;no;0;0;no;Suspendido;0;0
11959;01/12/2020;27/12/2020;0;0;0;0;0;;;paid;6782;8;0;1;yes;0;%;Monterrey;Television;no;0;0;no;Suspendido;0;0
11960;01/12/2020;27/12/2020;-17742;0;0;0;-17742;;;paid;6783;8;0;1;yes;0;%;Monterrey;Television;no;0;0;no;Suspendido;0;0
11961;01/12/2020;27/12/2020;-4;0;0;0;-4;;;paid;6784;8;0;1;yes;0;%;Monterrey;Television;no;0;0;no;Suspendido;0;0
11962;01/12/2020;27/12/2020;0;0;0;0;0;;;paid;6785;8;0;1;yes;0;%;Monterrey;Television;no;0;0;no;Suspendido;0;0
11963;01/12/2020;27/12/2020;0;0;0;0;0;;;paid;6786;8;0;1;yes;0;%;Monterrey;Television;no;0;0;no;Suspendido;0;0
11964;01/12/2020;27/12/2020;-7258;0;0;0;-7258;;;paid;6787;8;0;1;yes;0;%;Monterrey;Television;no;0;0;no;Suspendido;0;0
11965;01/12/2020;27/12/2020;0;0;0;0;0;;;paid;6788;8;0;1;yes;0;%;Monterrey;Television;no;0;0;no;Suspendido;0;0
11966;01/12/2020;27/12/2020;-17500;0;0;0;-17500;;;paid;6789;8;0;1;yes;0;%;Monterrey;Television;no;0;0;no;Suspendido;0;0
11967;01/12/2020;27/12/2020;5645;0;0;0;5645;;;due;6790;8;0;1;yes;0;%;Monterrey;Television;no;0;0;no;Suspendido;0;0
11968;01/12/2020;27/12/2020;5000;0;0;0;5000;;;due;6791;8;0;1;yes;0;%;Monterrey;Television;no;0;0;no;Suspendido;0;0
11969;01/12/2020;27/12/2020;0;0;0;0;0;;;paid;6792;8;0;1;yes;0;%;Monterrey;Television;no;0;0;no;Suspendido;0;0
11970;01/12/2020;27/12/2020;165;0;0;0;165;;;due;6793;8;0;1;yes;0;%;Monterrey;Television;no;0;0;no;Suspendido;0;0
11971;01/12/2020;27/12/2020;46008;0;0;3992;50000;;;due;6794;8;0;2;yes;0;%;Monterrey;Television;no;0;0;no;Suspendido;0;25000
11972;01/12/2020;27/12/2020;0;0;0;0;0;;;paid;6795;8;0;1;yes;0;%;Monterrey;Television;no;0;0;no;Suspendido;0;0
11973;01/12/2020;27/12/2020;0;0;0;0;0;;;paid;6796;8;0;1;yes;0;%;Monterrey;Television;no;0;0;no;Suspendido;0;0
11974;01/12/2020;27/12/2020;121008;0;0;3992;125000;;;due;6797;8;0;2;yes;0;%;Monterrey;Television;no;0;0;no;Suspendido;0;100000
11975;01/12/2020;27/12/2020;-1786;0;0;0;-1786;;;paid;6798;8;0;1;yes;0;%;Monterrey;Television;no;0;0;no;Suspendido;0;0
11976;01/12/2020;27/12/2020;58095;0;0;3992;62087;;;due;6799;8;0;2;yes;0;%;Monterrey;Television;no;0;0;no;Suspendido;0;37087
11977;01/12/2020;27/12/2020;-2500;0;0;0;-2500;;;paid;6800;8;0;1;yes;0;%;Monterrey;Television;no;0;0;no;Suspendido;0;0
11978;01/12/2020;27/12/2020;-2419;0;0;0;-2419;;;paid;6801;8;0;1;yes;0;%;Monterrey;Television;no;0;0;no;Suspendido;0;0
11979;01/12/2020;27/12/2020;46008;0;0;3992;50000;;;due;6802;8;0;2;yes;0;%;Monterrey;Television;no;0;0;no;Suspendido;0;25000
11980;01/12/2020;27/12/2020;5615;0;0;0;5615;;;due;6803;8;0;1;yes;0;%;Monterrey;Television;no;0;0;no;Suspendido;0;0
11981;01/12/2020;27/12/2020;0;0;0;0;0;;;paid;6804;8;0;1;yes;0;%;Monterrey;Television;no;0;0;no;Suspendido;0;0
11982;01/12/2020;27/12/2020;3710;0;0;0;3710;;;due;6805;8;0;2;yes;0;%;Monterrey;Television;5Megas;0;0;no;Suspendido;0;0
11983;01/12/2020;27/12/2020;0;0;0;0;0;;;paid;6806;8;0;1;yes;0;%;Monterrey;Television;no;0;0;no;Suspendido;0;0
11984;01/12/2020;27/12/2020;-5645;0;0;0;-5645;;;paid;6807;8;0;1;yes;0;%;Monterrey;Television;no;0;0;no;Suspendido;0;0
11985;01/12/2020;27/12/2020;0;0;0;0;0;;;paid;6808;8;0;1;yes;0;%;Monterrey;Television;no;0;0;no;Suspendido;0;0
11986;01/12/2020;27/12/2020;-17500;0;0;0;-17500;;;paid;6809;8;0;1;yes;0;%;Monterrey;Television;no;0;0;no;Suspendido;0;0
11987;01/12/2020;27/12/2020;0;0;0;0;0;;;paid;6810;8;0;1;yes;0;%;Monterrey;Television;no;0;0;no;Suspendido;0;0
11988;01/12/2020;27/12/2020;0;0;0;0;0;;;paid;6811;8;0;1;yes;0;%;Monterrey;Television;no;0;0;no;Suspendido;0;0
11989;01/12/2020;27/12/2020;0;0;0;0;0;;;paid;6812;8;0;1;yes;0;%;Monterrey;Television;no;0;0;no;Suspendido;0;0
11990;01/12/2020;27/12/2020;71008;0;0;3992;75000;;;due;6813;8;0;2;yes;0;%;Monterrey;Television;no;0;0;no;Suspendido;0;50000
11991;01/12/2020;27/12/2020;-20968;0;0;0;-20968;;;paid;6814;8;0;1;yes;0;%;Monterrey;Television;no;0;0;no;Suspendido;0;0
11992;01/12/2020;27/12/2020;-4839;0;0;0;-4839;;;paid;6815;8;0;1;yes;0;%;Monterrey;Television;no;0;0;no;Suspendido;0;0
11993;01/12/2020;27/12/2020;-1613;0;0;0;-1613;;;paid;6816;8;0;1;yes;0;%;Monterrey;Television;no;0;0;no;Suspendido;0;0
11994;01/12/2020;27/12/2020;21008;0;0;3992;25000;;;due;6817;8;0;1;yes;0;%;Monterrey;Television;no;0;0;no;Suspendido;0;0
11995;01/12/2020;27/12/2020;-14167;0;0;0;-14167;;;paid;6818;8;0;1;yes;0;%;Monterrey;Television;no;0;0;no;Suspendido;0;0
11996;01/12/2020;27/12/2020;-4032;0;0;0;-4032;;;paid;6819;8;0;1;yes;0;%;Monterrey;Television;no;0;0;no;Suspendido;0;0
11997;01/12/2020;27/12/2020;0;0;0;0;0;;;paid;6820;8;0;1;yes;0;%;Monterrey;Television;no;0;0;no;Suspendido;0;0
11998;01/12/2020;27/12/2020;-13710;0;0;0;-13710;;;paid;6821;8;0;1;yes;0;%;Monterrey;Television;no;0;0;no;Suspendido;0;0
11999;01/12/2020;27/12/2020;0;0;0;0;0;;;paid;6822;8;0;1;yes;0;%;Monterrey;Television;no;0;0;no;Suspendido;0;0
12000;01/12/2020;27/12/2020;806;0;0;0;806;;;due;6823;8;0;1;yes;0;%;Monterrey;Television;no;0;0;no;Suspendido;0;0
12001;01/12/2020;27/12/2020;25040;0;0;3992;29032;;;due;6824;8;0;2;yes;0;%;Monterrey;Television;no;0;0;no;Suspendido;0;4032
12002;01/12/2020;27/12/2020;17288;0;0;3992;21280;;;due;6825;8;0;1;yes;0;%;Monterrey;Television;no;0;0;no;Suspendido;0;0
12003;01/12/2020;27/12/2020;46008;0;0;3992;50000;;;due;6826;8;0;2;yes;0;%;Monterrey;Television;no;0;0;no;Suspendido;0;25000
12004;01/12/2020;27/12/2020;-1613;0;0;0;-1613;;;paid;6827;8;0;1;yes;0;%;Monterrey;Television;no;0;0;no;Suspendido;0;0
12005;01/12/2020;27/12/2020;0;0;0;0;0;;;paid;6828;8;0;1;yes;0;%;Monterrey;Television;no;0;0;no;Suspendido;0;0
12006;01/12/2020;27/12/2020;-16935;0;0;0;-16935;;;paid;6829;8;0;1;yes;0;%;Monterrey;Television;no;0;0;no;Suspendido;0;0
12007;01/12/2020;27/12/2020;-806;0;0;0;-806;;;paid;6830;8;0;1;yes;0;%;Monterrey;Television;no;0;0;no;Suspendido;0;0
12008;01/12/2020;27/12/2020;-4032;0;0;0;-4032;;;paid;6831;8;0;1;yes;0;%;Monterrey;Television;no;0;0;no;Suspendido;0;0
12009;01/12/2020;27/12/2020;0;0;0;0;0;;;paid;6832;8;0;1;yes;0;%;Monterrey;Television;no;0;0;no;Suspendido;0;0
12010;01/12/2020;27/12/2020;-833;0;0;0;-833;;;paid;6833;8;0;1;yes;0;%;Monterrey;Television;no;0;0;no;Suspendido;0;0
12011;01/12/2020;27/12/2020;-806;0;0;0;-806;;;paid;6834;8;0;1;yes;0;%;Monterrey;Television;no;0;0;no;Suspendido;0;0
12012;01/12/2020;27/12/2020;0;0;0;0;0;;;paid;6835;8;0;1;yes;0;%;Monterrey;Television;no;0;0;no;Suspendido;0;0
12013;01/12/2020;27/12/2020;0;0;0;0;0;;;paid;6836;8;0;1;yes;0;%;Monterrey;Television;no;0;0;no;Suspendido;0;0
12014;01/12/2020;27/12/2020;18000;0;0;0;18000;;;due;6837;8;0;1;yes;0;%;Monterrey;Television;no;0;0;no;Suspendido;0;0
12015;01/12/2020;27/12/2020;0;0;0;0;0;;;paid;6838;8;0;1;yes;0;%;Monterrey;Television;no;0;0;no;Suspendido;0;0
12016;01/12/2020;27/12/2020;-2500;0;0;0;-2500;;;paid;6839;8;0;1;yes;0;%;Monterrey;Television;no;0;0;no;Suspendido;0;0
12017;01/12/2020;27/12/2020;806;0;0;0;806;;;due;6840;8;0;1;yes;0;%;Monterrey;Television;no;0;0;no;Suspendido;0;0
12018;01/12/2020;27/12/2020;0;0;0;0;0;;;paid;6841;8;0;1;yes;0;%;Monterrey;Television;no;0;0;no;Suspendido;0;0
12019;01/12/2020;27/12/2020;0;0;0;0;0;;;paid;6842;8;0;1;yes;0;%;Monterrey;Television;no;0;0;no;Suspendido;0;0
12020;01/12/2020;27/12/2020;-833;0;0;0;-833;;;paid;6843;8;0;1;yes;0;%;Monterrey;Television;no;0;0;no;Suspendido;0;0
12021;01/12/2020;27/12/2020;0;0;0;0;0;;;paid;6844;8;0;1;yes;0;%;Monterrey;Television;no;0;0;no;Suspendido;0;0
12022;01/12/2020;27/12/2020;46008;0;0;3992;50000;;;due;6845;8;0;2;yes;0;%;Monterrey;Television;no;0;0;no;Suspendido;0;25000
12023;01/12/2020;27/12/2020;-8387;0;0;0;-8387;;;paid;6846;8;0;2;yes;0;%;Monterrey;Television;5Megas;0;0;no;Suspendido;0;0
12024;01/12/2020;27/12/2020;-806;0;0;0;-806;;;paid;6847;8;0;1;yes;0;%;Monterrey;Television;no;0;0;no;Suspendido;0;0
12025;01/12/2020;27/12/2020;0;0;0;0;0;;;paid;6848;8;0;1;yes;0;%;Monterrey;Television;no;0;0;no;Suspendido;0;0
12026;01/12/2020;27/12/2020;-53226;0;0;0;-53226;;;paid;6849;8;0;2;yes;0;%;Monterrey;Television;3Megas;0;0;no;Suspendido;0;0
12027;01/12/2020;27/12/2020;24044;0;0;3992;28036;;;due;6850;8;0;2;yes;0;%;Monterrey;Television;no;0;0;no;Suspendido;0;3036
12028;01/12/2020;27/12/2020;0;0;0;0;0;;;paid;6851;8;0;1;yes;0;%;Monterrey;Television;no;0;0;no;Suspendido;0;0
12029;01/12/2020;27/12/2020;0;0;0;0;0;;;paid;6852;8;0;1;yes;0;%;Monterrey;Television;no;0;0;no;Suspendido;0;0
12030;01/12/2020;27/12/2020;0;0;0;0;0;;;paid;6853;8;0;1;yes;0;%;Monterrey;Television;no;0;0;no;Suspendido;0;0
12031;01/12/2020;27/12/2020;71008;0;0;3992;75000;;;due;6854;8;0;2;yes;0;%;Monterrey;Television;no;0;0;no;Suspendido;0;50000
12032;01/12/2020;27/12/2020;0;0;0;0;0;;;paid;6855;8;0;1;yes;0;%;Monterrey;Television;no;0;0;no;Suspendido;0;0
12033;01/12/2020;27/12/2020;71008;0;0;3992;75000;;;due;6856;8;0;2;yes;0;%;Monterrey;Television;no;0;0;no;Suspendido;0;50000
12034;01/12/2020;27/12/2020;-5645;0;0;0;-5645;;;paid;6857;8;0;1;yes;0;%;Monterrey;Television;no;0;0;no;Suspendido;0;0
12035;01/12/2020;27/12/2020;0;0;0;0;0;;;paid;6858;8;0;1;yes;0;%;Monterrey;Television;no;0;0;no;Suspendido;0;0
12036;01/12/2020;27/12/2020;-1667;0;0;0;-1667;;;paid;6859;8;0;1;yes;0;%;Monterrey;Television;no;0;0;no;Suspendido;0;0
12037;01/12/2020;27/12/2020;-6452;0;0;0;-6452;;;paid;6860;8;0;1;yes;0;%;Monterrey;Television;no;0;0;no;Suspendido;0;0
12038;01/12/2020;27/12/2020;-1786;0;0;0;-1786;;;paid;6861;8;0;1;yes;0;%;Monterrey;Television;no;0;0;no;Suspendido;0;0
12039;01/12/2020;27/12/2020;4032;0;0;0;4032;;;due;6862;8;0;1;yes;0;%;Monterrey;Television;no;0;0;no;Suspendido;0;0
12040;01/12/2020;27/12/2020;0;0;0;0;0;;;paid;6863;8;0;1;yes;0;%;Monterrey;Television;no;0;0;no;Suspendido;0;0
12041;01/12/2020;27/12/2020;71008;0;0;3992;75000;;;due;6864;8;0;2;yes;0;%;Monterrey;Television;no;0;0;no;Suspendido;0;50000
12042;01/12/2020;27/12/2020;-2500;0;0;0;-2500;;;paid;6865;8;0;1;yes;0;%;Monterrey;Television;no;0;0;no;Suspendido;0;0
12043;01/12/2020;27/12/2020;-19355;0;0;0;-19355;;;paid;6866;8;0;1;yes;0;%;Monterrey;Television;no;0;0;no;Suspendido;0;0
12044;01/12/2020;27/12/2020;-4032;0;0;0;-4032;;;paid;6867;8;0;1;yes;0;%;Monterrey;Television;no;0;0;no;Suspendido;0;0
12045;01/12/2020;27/12/2020;16833;0;0;0;16833;;;due;6868;8;0;1;yes;0;%;Monterrey;Television;no;0;0;no;Suspendido;0;0
12046;01/12/2020;27/12/2020;-2500;0;0;0;-2500;;;paid;6869;8;0;1;yes;0;%;Monterrey;Television;no;0;0;no;Suspendido;0;0
12047;01/12/2020;27/12/2020;-2500;0;0;0;-2500;;;paid;6870;8;0;1;yes;0;%;Monterrey;Television;no;0;0;no;Suspendido;0;0
12048;01/12/2020;27/12/2020;0;0;0;0;0;;;paid;6871;8;0;1;yes;0;%;Monterrey;Television;no;0;0;no;Suspendido;0;0
12049;01/12/2020;27/12/2020;17675;0;0;3992;21667;;;due;6872;8;0;1;yes;0;%;Monterrey;Television;no;0;0;no;Suspendido;0;0
12050;01/12/2020;27/12/2020;-806;0;0;0;-806;;;paid;6873;8;0;1;yes;0;%;Monterrey;Television;no;0;0;no;Suspendido;0;0
12051;01/12/2020;27/12/2020;-2419;0;0;0;-2419;;;paid;6874;8;0;1;yes;0;%;Monterrey;Television;no;0;0;no;Suspendido;0;0
12052;01/12/2020;27/12/2020;0;0;0;0;0;;;paid;6875;8;0;1;yes;0;%;Monterrey;Television;no;0;0;no;Suspendido;0;0
12053;01/12/2020;27/12/2020;1667;0;0;0;1667;;;due;6876;8;0;1;yes;0;%;Monterrey;Television;no;0;0;no;Suspendido;0;0
12054;01/12/2020;27/12/2020;0;0;0;0;0;;;paid;6877;8;0;1;yes;0;%;Monterrey;Television;no;0;0;no;Suspendido;0;0
12055;01/12/2020;27/12/2020;-1613;0;0;0;-1613;;;paid;6878;8;0;1;yes;0;%;Monterrey;Television;no;0;0;no;Suspendido;0;0
12056;01/12/2020;27/12/2020;3833;0;0;0;3833;;;due;6879;8;0;1;yes;0;%;Monterrey;Television;no;0;0;no;Suspendido;0;0
12057;01/12/2020;27/12/2020;-1613;0;0;0;-1613;;;paid;6880;8;0;1;yes;0;%;Monterrey;Television;no;0;0;no;Suspendido;0;0
12058;01/12/2020;27/12/2020;7258;0;0;0;7258;;;due;6881;8;0;1;yes;0;%;Monterrey;Television;no;0;0;no;Suspendido;0;0
12059;01/12/2020;27/12/2020;6868;0;0;0;6868;;;due;6882;8;0;1;yes;0;%;Monterrey;Television;no;0;0;no;Suspendido;0;0
12060;01/12/2020;27/12/2020;-24000;0;0;0;-24000;;;paid;6883;8;0;2;yes;0;%;Monterrey;Television;3Megas;0;0;no;Suspendido;0;0
12061;01/12/2020;27/12/2020;-1613;0;0;0;-1613;;;paid;6884;8;0;1;yes;0;%;Monterrey;Television;no;0;0;no;Suspendido;0;0
12062;01/12/2020;27/12/2020;0;0;0;0;0;;;paid;6885;8;0;1;yes;0;%;Monterrey;Television;no;0;0;no;Suspendido;0;0
12063;01/12/2020;27/12/2020;7161;0;0;0;7161;;;due;6886;8;0;1;yes;0;%;Monterrey;Television;no;0;0;no;Suspendido;0;0
12064;01/12/2020;27/12/2020;-1613;0;0;0;-1613;;;paid;6887;8;0;1;yes;0;%;Monterrey;Television;no;0;0;no;Suspendido;0;0
12065;01/12/2020;27/12/2020;2500;0;0;0;2500;;;due;6888;8;0;1;yes;0;%;Monterrey;Television;no;0;0;no;Suspendido;0;0
12066;01/12/2020;27/12/2020;-2500;0;0;0;-2500;;;paid;6889;8;0;1;yes;0;%;Monterrey;Television;no;0;0;no;Suspendido;0;0
12067;01/12/2020;27/12/2020;44222;0;0;3992;48214;;;due;6890;8;0;2;yes;0;%;Monterrey;Television;no;0;0;no;Suspendido;0;23214
12068;01/12/2020;27/12/2020;3333;0;0;0;3333;;;due;6891;8;0;1;yes;0;%;Monterrey;Television;no;0;0;no;Suspendido;0;0
12069;01/12/2020;27/12/2020;-1786;0;0;0;-1786;;;paid;6892;8;0;1;yes;0;%;Monterrey;Television;no;0;0;no;Suspendido;0;0
12070;01/12/2020;27/12/2020;-833;0;0;0;-833;;;paid;6893;8;0;1;yes;0;%;Monterrey;Television;no;0;0;no;Suspendido;0;0
12071;01/12/2020;27/12/2020;-10000;0;0;0;-10000;;;paid;6894;8;0;1;yes;0;%;Monterrey;Television;no;0;0;no;Suspendido;0;0
12072;01/12/2020;27/12/2020;-21774;0;0;0;-21774;;;paid;6895;8;0;1;yes;0;%;Monterrey;Television;no;0;0;no;Suspendido;0;0
12073;01/12/2020;27/12/2020;833;0;0;0;833;;;due;6896;8;0;1;yes;0;%;Monterrey;Television;no;0;0;no;Suspendido;0;0
12074;01/12/2020;27/12/2020;-1667;0;0;0;-1667;;;paid;6897;8;0;1;yes;0;%;Monterrey;Television;no;0;0;no;Suspendido;0;0
12075;01/12/2020;27/12/2020;-15000;0;0;0;-15000;;;paid;6898;8;0;1;yes;0;%;Monterrey;Television;no;0;0;no;Suspendido;0;0
12076;01/12/2020;27/12/2020;12574;0;0;0;12574;;;due;6899;8;0;1;yes;0;%;Monterrey;Television;no;0;0;no;Suspendido;0;0
12077;01/12/2020;27/12/2020;-806;0;0;0;-806;;;paid;6900;8;0;1;yes;0;%;Monterrey;Television;no;0;0;no;Suspendido;0;0
12078;01/12/2020;27/12/2020;4032;0;0;0;4032;;;due;6901;8;0;1;yes;0;%;Monterrey;Television;no;0;0;no;Suspendido;0;0
12079;01/12/2020;27/12/2020;-44032;0;0;0;-44032;;;paid;6902;8;0;2;yes;0;%;Monterrey;Television;5Megas;0;0;no;Suspendido;0;0
12080;01/12/2020;27/12/2020;-17500;0;0;0;-17500;;;paid;6903;8;0;1;yes;0;%;Monterrey;Television;no;0;0;no;Suspendido;0;0
12081;01/12/2020;27/12/2020;21519;0;0;3992;25511;;;due;6904;8;0;2;yes;0;%;Monterrey;Television;no;0;0;no;Suspendido;0;511
12082;01/12/2020;27/12/2020;-8871;0;0;0;-8871;;;paid;6905;8;0;2;yes;0;%;Monterrey;Television;3Megas;0;0;no;Suspendido;0;0
12083;01/12/2020;27/12/2020;0;0;0;0;0;;;paid;6906;8;0;1;yes;0;%;Monterrey;Television;no;0;0;no;Suspendido;0;0
12084;01/12/2020;27/12/2020;20202;0;0;3992;24194;;;due;6907;8;0;1;yes;0;%;Monterrey;Television;no;0;0;no;Suspendido;0;0
12085;01/12/2020;27/12/2020;-17069;0;0;0;-17069;;;paid;6908;8;0;2;yes;0;%;Monterrey;Television;3Megas;0;0;no;Suspendido;0;0
12086;01/12/2020;27/12/2020;2419;0;0;0;2419;;;due;6909;8;0;1;yes;0;%;Monterrey;Television;no;0;0;no;Suspendido;0;0
12087;01/12/2020;27/12/2020;806;0;0;0;806;;;due;6910;8;0;1;yes;0;%;Monterrey;Television;no;0;0;no;Suspendido;0;0
12088;01/12/2020;27/12/2020;2419;0;0;0;2419;;;due;6911;8;0;1;yes;0;%;Monterrey;Television;no;0;0;no;Suspendido;0;0
12089;01/12/2020;27/12/2020;0;0;0;0;0;;;paid;6912;8;0;1;yes;0;%;Monterrey;Television;no;0;0;no;Suspendido;0;0
12090;01/12/2020;27/12/2020;44556;0;0;3992;48548;;;due;6913;8;0;2;yes;0;%;Monterrey;Television;no;0;0;no;Suspendido;0;23548
12091;01/12/2020;27/12/2020;22000;0;0;0;22000;;;due;6914;8;0;2;yes;0;%;Monterrey;Television;3Megas;0;0;no;Suspendido;0;0
12092;01/12/2020;27/12/2020;16976;0;0;3992;20968;;;due;6915;8;0;1;yes;0;%;Monterrey;Television;no;0;0;no;Suspendido;0;0
12093;01/12/2020;27/12/2020;-3226;0;0;0;-3226;;;paid;6916;8;0;1;yes;0;%;Monterrey;Television;no;0;0;no;Suspendido;0;0
12094;01/12/2020;27/12/2020;0;0;0;0;0;;;paid;6917;8;0;2;yes;0;%;Monterrey;Television;10Megas;0;0;no;Suspendido;0;0
12095;01/12/2020;27/12/2020;-6452;0;0;0;-6452;;;paid;6918;8;0;2;yes;0;%;Monterrey;Television;5Megas;0;0;no;Suspendido;0;0
12096;01/12/2020;27/12/2020;22332;0;0;0;22332;;;due;6919;8;0;2;yes;0;%;Monterrey;Television;5Megas;0;0;no;Suspendido;0;0
12097;01/12/2020;27/12/2020;-8871;0;0;0;-8871;;;paid;6920;8;0;2;yes;0;%;Monterrey;Television;3Megas;0;0;no;Suspendido;0;0
12098;01/12/2020;27/12/2020;1935;0;0;0;1935;;;due;6921;8;0;2;yes;0;%;Monterrey;Television;5Megas;0;0;no;Suspendido;0;0
12099;01/12/2020;27/12/2020;8871;0;0;0;8871;;;due;6922;8;0;1;yes;0;%;Monterrey;Television;no;0;0;no;Suspendido;0;0
12100;01/12/2020;27/12/2020;37097;0;0;0;37097;;;due;6923;8;0;2;yes;0;%;Monterrey;Television;5Megas;0;0;no;Suspendido;0;0
12101;01/12/2020;27/12/2020;-833;0;0;0;-833;;;paid;6924;8;0;2;yes;0;%;Monterrey;Television;3Megas;0;0;no;Suspendido;0;0
12102;01/12/2020;27/12/2020;39032;0;0;0;39032;;;due;6925;8;0;2;yes;0;%;Monterrey;Television;5Megas;0;0;no;Suspendido;0;0
12103;01/12/2020;27/12/2020;0;0;0;0;0;;;paid;6926;8;0;1;yes;0;%;Monterrey;Television;no;0;0;no;Suspendido;0;0
12104;01/12/2020;27/12/2020;9581;0;0;0;9581;;;due;6927;8;0;2;yes;0;%;Monterrey;Television;3Megas;0;0;no;Suspendido;0;0
12105;01/12/2020;27/12/2020;14167;0;0;0;14167;;;due;6928;8;0;1;yes;0;%;Monterrey;Television;no;0;0;no;Suspendido;0;0
12106;01/12/2020;27/12/2020;-4167;0;0;0;-4167;;;paid;6929;8;0;1;yes;0;%;Monterrey;Television;no;0;0;no;Suspendido;0;0
12107;01/12/2020;27/12/2020;-860;0;0;0;-860;;;paid;6930;8;0;1;yes;0;%;Monterrey;Television;no;0;0;no;Suspendido;0;0
12108;01/12/2020;27/12/2020;-17500;0;0;0;-17500;;;paid;6931;8;0;1;yes;0;%;Monterrey;Television;no;0;0;no;Suspendido;0;0
12109;01/12/2020;27/12/2020;-862;0;0;0;-862;;;paid;6932;8;0;1;yes;0;%;Monterrey;Television;no;0;0;no;Suspendido;0;0
12110;01/12/2020;27/12/2020;18333;0;0;0;18333;;;due;6933;8;0;1;yes;0;%;Monterrey;Television;no;0;0;no;Suspendido;0;0
12111;01/12/2020;27/12/2020;-4032;0;0;0;-4032;;;paid;6934;8;0;1;yes;0;%;Monterrey;Television;no;0;0;no;Suspendido;0;0
12112;01/12/2020;27/12/2020;27175;0;0;3992;31167;;;due;6935;8;0;2;yes;0;%;Monterrey;Television;no;0;0;no;Suspendido;0;6167
12113;01/12/2020;27/12/2020;0;0;0;0;0;;;paid;6936;8;0;1;yes;0;%;Monterrey;Television;no;0;0;no;Suspendido;0;0
12114;01/12/2020;27/12/2020;4167;0;0;0;4167;;;due;6937;8;0;1;yes;0;%;Monterrey;Television;no;0;0;no;Suspendido;0;0
12115;01/12/2020;27/12/2020;14167;0;0;0;14167;;;due;6938;8;0;1;yes;0;%;Monterrey;Television;no;0;0;no;Suspendido;0;0
12116;01/12/2020;27/12/2020;-355;0;0;0;-355;;;paid;6939;8;0;1;yes;0;%;Monterrey;Television;no;0;0;no;Suspendido;0;0
12117;01/12/2020;27/12/2020;10645;0;0;0;10645;;;due;6940;8;0;2;yes;0;%;Monterrey;Television;3Megas;0;0;no;Suspendido;0;0
12118;01/12/2020;27/12/2020;-6626;0;0;0;-6626;;;paid;6941;8;0;2;yes;0;%;Monterrey;Television;3Megas;0;0;no;Suspendido;0;0
12119;01/12/2020;27/12/2020;8871;0;0;0;8871;;;due;6942;8;0;1;yes;0;%;Monterrey;Television;no;0;0;no;Suspendido;0;0
12120;01/12/2020;27/12/2020;0;0;0;0;0;;;paid;6943;8;0;2;yes;0;%;Monterrey;Television;5Megas;0;0;no;Suspendido;0;0
12121;01/12/2020;27/12/2020;-8871;0;0;0;-8871;;;paid;6944;8;0;2;yes;0;%;Monterrey;Television;5Megas;0;0;no;Suspendido;0;0
12122;01/12/2020;27/12/2020;-9166;0;0;0;-9166;;;paid;6945;8;0;2;yes;0;%;Monterrey;Television;3Megas;0;0;no;Suspendido;0;0
12123;01/12/2020;27/12/2020;-4000;0;0;0;-4000;;;paid;6946;8;0;1;yes;0;%;Monterrey;Television;no;0;0;no;Suspendido;0;0
12124;01/12/2020;27/12/2020;-69194;0;0;0;-69194;;;paid;6947;8;0;2;yes;0;%;Monterrey;Television;3Megas;0;0;no;Suspendido;0;0
12125;01/12/2020;27/12/2020;-9167;0;0;0;-9167;;;paid;6948;8;0;1;yes;0;%;Monterrey;Television;no;0;0;no;Suspendido;0;0
12126;01/12/2020;27/12/2020;2500;0;0;0;2500;;;due;6949;8;0;1;yes;0;%;Monterrey;Television;no;0;0;no;Suspendido;0;0
12127;01/12/2020;27/12/2020;-11667;0;0;0;-11667;;;paid;6950;8;0;2;yes;0;%;Monterrey;Television;5Megas;0;0;no;Suspendido;0;0
12128;01/12/2020;27/12/2020;132000;0;0;0;132000;;;due;6951;8;0;3;yes;0;%;Monterrey;Television;3Megas;0;0;no;Suspendido;0;77000
12129;01/12/2020;27/12/2020;1586;0;0;0;1586;;;due;6952;8;0;1;yes;0;%;Monterrey;Television;no;0;0;no;Suspendido;0;0
12130;01/12/2020;27/12/2020;-10484;0;0;0;-10484;;;paid;6953;8;0;2;yes;0;%;Monterrey;Television;5Megas;0;0;no;Suspendido;0;0
12131;01/12/2020;27/12/2020;46008;0;0;3992;50000;;;due;6954;8;0;2;yes;0;%;Monterrey;Television;no;0;0;no;Suspendido;0;25000
12132;01/12/2020;27/12/2020;-720;0;0;0;-720;;;paid;6955;8;0;1;yes;0;%;Monterrey;Television;no;0;0;no;Suspendido;0;0
12133;01/12/2020;27/12/2020;-9167;0;0;0;-9167;;;paid;6956;8;0;1;yes;0;%;Monterrey;Television;no;0;0;no;Suspendido;0;0
12134;01/12/2020;27/12/2020;36089;0;0;3992;40081;;;due;6957;8;0;2;yes;0;%;Monterrey;Television;no;0;0;no;Suspendido;0;15081
12135;01/12/2020;27/12/2020;16935;0;0;0;16935;;;due;6958;8;0;1;yes;0;%;Monterrey;Television;no;0;0;no;Suspendido;0;0
12136;01/12/2020;27/12/2020;-17500;0;0;0;-17500;;;paid;6959;8;0;1;yes;0;%;Monterrey;Television;no;0;0;no;Suspendido;0;0
12137;01/12/2020;27/12/2020;47667;0;0;0;47667;;;due;6960;8;0;2;yes;0;%;Monterrey;Television;5Megas;0;0;no;Suspendido;0;0
12138;01/12/2020;27/12/2020;-806;0;0;0;-806;;;paid;6961;8;0;1;yes;0;%;Monterrey;Television;no;0;0;no;Suspendido;0;0
12139;01/12/2020;27/12/2020;-3226;0;0;0;-3226;;;paid;6962;8;0;1;yes;0;%;Monterrey;Television;no;0;0;no;Suspendido;0;0
12140;01/12/2020;27/12/2020;0;0;0;0;0;;;paid;6963;8;0;1;yes;0;%;Monterrey;Television;no;0;0;no;Suspendido;0;0
12141;01/12/2020;27/12/2020;0;0;0;0;0;;;paid;6964;8;0;1;yes;0;%;Monterrey;Television;no;0;0;no;Suspendido;0;0
12142;01/12/2020;27/12/2020;46008;0;0;3992;50000;;;due;6965;8;0;2;yes;0;%;Monterrey;Television;no;0;0;no;Suspendido;0;25000
12143;01/12/2020;27/12/2020;0;0;0;0;0;;;paid;6966;8;0;1;yes;0;%;Monterrey;Television;no;0;0;no;Suspendido;0;0
12144;01/12/2020;27/12/2020;0;0;0;0;0;;;paid;6967;8;0;1;yes;0;%;Monterrey;Television;no;0;0;no;Suspendido;0;0
12145;01/12/2020;27/12/2020;0;0;0;0;0;;;paid;6968;8;0;1;yes;0;%;Monterrey;Television;no;0;0;no;Suspendido;0;0
12146;01/12/2020;27/12/2020;22675;0;0;3992;26667;;;due;6969;8;0;2;yes;0;%;Monterrey;Television;no;0;0;no;Suspendido;0;1667
12147;01/12/2020;27/12/2020;71008;0;0;3992;75000;;;due;6970;8;0;2;yes;0;%;Monterrey;Television;no;0;0;no;Suspendido;0;50000
12148;01/12/2020;27/12/2020;0;0;0;0;0;;;paid;6971;8;0;1;yes;0;%;Monterrey;Television;no;0;0;no;Suspendido;0;0
12149;01/12/2020;27/12/2020;-20591;0;0;0;-20591;;;paid;6972;8;0;1;yes;0;%;Monterrey;Television;no;0;0;no;Suspendido;0;0
12150;01/12/2020;27/12/2020;0;0;0;0;0;;;paid;6973;8;0;1;yes;0;%;Monterrey;Television;no;0;0;no;Suspendido;0;0
12151;01/12/2020;27/12/2020;0;0;0;0;0;;;paid;6974;8;0;1;yes;0;%;Monterrey;Television;no;0;0;no;Suspendido;0;0
12152;01/12/2020;27/12/2020;16667;0;0;0;16667;;;due;6975;8;0;1;yes;0;%;Monterrey;Television;no;0;0;no;Suspendido;0;0
12153;01/12/2020;27/12/2020;0;0;0;0;0;;;paid;6976;8;0;1;yes;0;%;Monterrey;Television;no;0;0;no;Suspendido;0;0
12154;01/12/2020;27/12/2020;0;0;0;0;0;;;paid;6977;8;0;1;yes;0;%;Monterrey;Television;no;0;0;no;Suspendido;0;0
12155;01/12/2020;27/12/2020;0;0;0;0;0;;;paid;6978;8;0;1;yes;0;%;Monterrey;Television;no;0;0;no;Suspendido;0;0
12156;01/12/2020;27/12/2020;-2493;0;0;0;-2493;;;paid;6979;8;0;1;yes;0;%;Monterrey;Television;no;0;0;no;Suspendido;0;0
12157;01/12/2020;27/12/2020;0;0;0;0;0;;;paid;6980;8;0;1;yes;0;%;Monterrey;Television;no;0;0;no;Suspendido;0;0
12158;01/12/2020;27/12/2020;0;0;0;0;0;;;paid;6981;8;0;1;yes;0;%;Monterrey;Television;no;0;0;no;Suspendido;0;0
12159;01/12/2020;27/12/2020;0;0;0;0;0;;;paid;6982;8;0;1;yes;0;%;Monterrey;Television;no;0;0;no;Suspendido;0;0
12160;01/12/2020;27/12/2020;0;0;0;0;0;;;paid;6983;8;0;1;yes;0;%;Monterrey;Television;no;0;0;no;Suspendido;0;0
12161;01/12/2020;27/12/2020;-7500;0;0;0;-7500;;;paid;6984;8;0;1;yes;0;%;Monterrey;Television;no;0;0;no;Suspendido;0;0
12162;01/12/2020;27/12/2020;0;0;0;0;0;;;paid;6985;8;0;1;yes;0;%;Monterrey;Television;no;0;0;no;Suspendido;0;0
12163;01/12/2020;27/12/2020;96008;0;0;3992;100000;;;due;6986;8;0;2;yes;0;%;Monterrey;Television;no;0;0;no;Suspendido;0;75000
12164;01/12/2020;27/12/2020;0;0;0;0;0;;;paid;6987;8;0;1;yes;0;%;Monterrey;Television;no;0;0;no;Suspendido;0;0
12165;01/12/2020;27/12/2020;-3226;0;0;0;-3226;;;paid;6988;8;0;1;yes;0;%;Monterrey;Television;no;0;0;no;Suspendido;0;0
12166;01/12/2020;27/12/2020;0;0;0;0;0;;;paid;6989;8;0;1;yes;0;%;Monterrey;Television;no;0;0;no;Suspendido;0;0
12167;01/12/2020;27/12/2020;0;0;0;0;0;;;paid;6990;8;0;1;yes;0;%;Monterrey;Television;no;0;0;no;Suspendido;0;0
12168;01/12/2020;27/12/2020;806;0;0;0;806;;;due;6991;8;0;1;yes;0;%;Monterrey;Television;no;0;0;no;Suspendido;0;0
12169;01/12/2020;27/12/2020;0;0;0;0;0;;;paid;6992;8;0;1;yes;0;%;Monterrey;Television;no;0;0;no;Suspendido;0;0
12170;01/12/2020;27/12/2020;-20833;0;0;0;-20833;;;paid;6993;8;0;1;yes;0;%;Monterrey;Television;no;0;0;no;Suspendido;0;0
12171;01/12/2020;27/12/2020;0;0;0;0;0;;;paid;6994;8;0;1;yes;0;%;Monterrey;Television;no;0;0;no;Suspendido;0;0
12172;01/12/2020;27/12/2020;4839;0;0;0;4839;;;due;6995;8;0;1;yes;0;%;Monterrey;Television;no;0;0;no;Suspendido;0;0
12173;01/12/2020;27/12/2020;0;0;0;0;0;;;paid;6996;8;0;1;yes;0;%;Monterrey;Television;no;0;0;no;Suspendido;0;0
12174;01/12/2020;27/12/2020;0;0;0;0;0;;;paid;6997;8;0;1;yes;0;%;Monterrey;Television;no;0;0;no;Suspendido;0;0
12175;01/12/2020;27/12/2020;86008;0;0;3992;90000;;;due;6998;8;0;2;yes;0;%;Monterrey;Television;no;0;0;no;Suspendido;0;65000
12176;01/12/2020;27/12/2020;46008;0;0;3992;50000;;;due;6999;8;0;2;yes;0;%;Monterrey;Television;no;0;0;no;Suspendido;0;25000
12177;01/12/2020;27/12/2020;0;0;0;0;0;;;paid;7000;8;0;1;yes;0;%;Monterrey;Television;no;0;0;no;Suspendido;0;0
12178;01/12/2020;27/12/2020;0;0;0;0;0;;;paid;7001;8;0;1;yes;0;%;Monterrey;Television;no;0;0;no;Suspendido;0;0
12179;01/12/2020;27/12/2020;94008;0;0;3992;98000;;;due;7002;8;0;2;yes;0;%;Monterrey;Television;no;0;0;no;Suspendido;0;73000
12180;01/12/2020;27/12/2020;-1667;0;0;0;-1667;;;paid;7003;8;0;1;yes;0;%;Monterrey;Television;no;0;0;no;Suspendido;0;0
12181;01/12/2020;27/12/2020;46008;0;0;3992;50000;;;due;7004;8;0;2;yes;0;%;Monterrey;Television;no;0;0;no;Suspendido;0;25000
12182;01/12/2020;27/12/2020;0;0;0;0;0;;;paid;7005;8;0;1;yes;0;%;Monterrey;Television;no;0;0;no;Suspendido;0;0
12183;01/12/2020;27/12/2020;71008;0;0;3992;75000;;;due;7006;8;0;2;yes;0;%;Monterrey;Television;no;0;0;no;Suspendido;0;50000
12184;01/12/2020;27/12/2020;0;0;0;0;0;;;paid;7007;8;0;1;yes;0;%;Monterrey;Television;no;0;0;no;Suspendido;0;0
12185;01/12/2020;27/12/2020;-1178;0;0;0;-1178;;;paid;7008;8;0;1;yes;0;%;Monterrey;Television;no;0;0;no;Suspendido;0;0
12186;01/12/2020;27/12/2020;71008;0;0;3992;75000;;;due;7009;8;0;2;yes;0;%;Monterrey;Television;no;0;0;no;Suspendido;0;50000
12187;01/12/2020;27/12/2020;0;0;0;0;0;;;paid;7010;8;0;1;yes;0;%;Monterrey;Television;no;0;0;no;Suspendido;0;0
12188;01/12/2020;27/12/2020;0;0;0;0;0;;;paid;7011;8;0;1;yes;0;%;Monterrey;Television;no;0;0;no;Suspendido;0;0
12189;01/12/2020;27/12/2020;0;0;0;0;0;;;paid;7012;8;0;1;yes;0;%;Monterrey;Television;no;0;0;no;Suspendido;0;0
12190;01/12/2020;27/12/2020;0;0;0;0;0;;;paid;7013;8;0;1;yes;0;%;Monterrey;Television;no;0;0;no;Suspendido;0;0
12191;01/12/2020;27/12/2020;0;0;0;0;0;;;paid;7014;8;0;1;yes;0;%;Monterrey;Television;no;0;0;no;Suspendido;0;0
12192;01/12/2020;27/12/2020;0;0;0;0;0;;;paid;7015;8;0;1;yes;0;%;Monterrey;Television;no;0;0;no;Suspendido;0;0
12193;01/12/2020;27/12/2020;-1613;0;0;0;-1613;;;paid;7016;8;0;1;yes;0;%;Monterrey;Television;no;0;0;no;Suspendido;0;0
12194;01/12/2020;27/12/2020;-19355;0;0;0;-19355;;;paid;7017;8;0;1;yes;0;%;Monterrey;Television;no;0;0;no;Suspendido;0;0
12195;01/12/2020;27/12/2020;9677;0;0;0;9677;;;due;7018;8;0;1;yes;0;%;Monterrey;Television;no;0;0;no;Suspendido;0;0
12196;01/12/2020;27/12/2020;0;0;0;0;0;;;paid;7019;8;0;1;yes;0;%;Monterrey;Television;no;0;0;no;Suspendido;0;0
12197;01/12/2020;27/12/2020;-12500;0;0;0;-12500;;;paid;7020;8;0;1;yes;0;%;Monterrey;Television;no;0;0;no;Suspendido;0;0
12198;01/12/2020;27/12/2020;46008;0;0;3992;50000;;;due;7021;8;0;2;yes;0;%;Monterrey;Television;no;0;0;no;Suspendido;0;25000
12199;01/12/2020;27/12/2020;1;0;0;0;1;;;due;7022;8;0;1;yes;0;%;Monterrey;Television;no;0;0;no;Suspendido;0;0
12200;01/12/2020;27/12/2020;27917;0;0;3992;31909;;;due;7023;8;0;2;yes;0;%;Monterrey;Television;10Megas;0;0;no;Suspendido;0;0
12201;01/12/2020;27/12/2020;-1613;0;0;0;-1613;;;paid;7024;8;0;1;yes;0;%;Monterrey;Television;no;0;0;no;Suspendido;0;0
12202;01/12/2020;27/12/2020;0;0;0;0;0;;;paid;7025;8;0;1;yes;0;%;Monterrey;Television;no;0;0;no;Suspendido;0;0
12203;01/12/2020;27/12/2020;71008;0;0;3992;75000;;;due;7026;8;0;2;yes;0;%;Monterrey;Television;no;0;0;no;Suspendido;0;50000
12204;01/12/2020;27/12/2020;0;0;0;0;0;;;paid;7027;8;0;1;yes;0;%;Monterrey;Television;no;0;0;no;Suspendido;0;0
12205;01/12/2020;27/12/2020;46008;0;0;3992;50000;;;due;7028;8;0;2;yes;0;%;Monterrey;Television;no;0;0;no;Suspendido;0;25000
12206;01/12/2020;27/12/2020;387;0;0;0;387;;;due;7029;8;0;1;yes;0;%;Monterrey;Television;no;0;0;no;Suspendido;0;0
12207;01/12/2020;27/12/2020;0;0;0;0;0;;;paid;7030;8;0;1;yes;0;%;Monterrey;Television;no;0;0;no;Suspendido;0;0
12208;01/12/2020;27/12/2020;0;0;0;0;0;;;paid;7031;8;0;1;yes;0;%;Monterrey;Television;no;0;0;no;Suspendido;0;0
12209;01/12/2020;27/12/2020;-3226;0;0;0;-3226;;;paid;7032;8;0;1;yes;0;%;Monterrey;Television;no;0;0;no;Suspendido;0;0
12210;01/12/2020;27/12/2020;0;0;0;0;0;;;paid;7033;8;0;1;yes;0;%;Monterrey;Television;no;0;0;no;Suspendido;0;0
12211;01/12/2020;27/12/2020;0;0;0;0;0;;;paid;7034;8;0;1;yes;0;%;Monterrey;Television;no;0;0;no;Suspendido;0;0
12212;01/12/2020;27/12/2020;71008;0;0;3992;75000;;;due;7035;8;0;2;yes;0;%;Monterrey;Television;no;0;0;no;Suspendido;0;50000
12213;01/12/2020;27/12/2020;-20968;0;0;0;-20968;;;paid;7036;8;0;1;yes;0;%;Monterrey;Television;no;0;0;no;Suspendido;0;0
12214;01/12/2020;27/12/2020;96008;0;0;3992;100000;;;due;7037;8;0;2;yes;0;%;Monterrey;Television;no;0;0;no;Suspendido;0;75000
12215;01/12/2020;27/12/2020;-833;0;0;0;-833;;;paid;7038;8;0;1;yes;0;%;Monterrey;Television;no;0;0;no;Suspendido;0;0
12216;01/12/2020;27/12/2020;0;0;0;0;0;;;paid;7039;8;0;1;yes;0;%;Monterrey;Television;no;0;0;no;Suspendido;0;0
12217;01/12/2020;27/12/2020;0;0;0;0;0;;;paid;7040;8;0;1;yes;0;%;Monterrey;Television;no;0;0;no;Suspendido;0;0
12218;01/12/2020;27/12/2020;0;0;0;0;0;;;paid;7041;8;0;1;yes;0;%;Monterrey;Television;no;0;0;no;Suspendido;0;0
12219;01/12/2020;27/12/2020;0;0;0;0;0;;;paid;7042;8;0;1;yes;0;%;Monterrey;Television;no;0;0;no;Suspendido;0;0
12220;01/12/2020;27/12/2020;0;0;0;0;0;;;paid;7043;8;0;1;yes;0;%;Monterrey;Television;no;0;0;no;Suspendido;0;0
12221;01/12/2020;27/12/2020;-1612;0;0;0;-1612;;;paid;7044;8;0;1;yes;0;%;Monterrey;Television;no;0;0;no;Suspendido;0;0
12222;01/12/2020;27/12/2020;0;0;0;0;0;;;paid;7045;8;0;1;yes;0;%;Monterrey;Television;no;0;0;no;Suspendido;0;0
12223;01/12/2020;27/12/2020;-1613;0;0;0;-1613;;;paid;7046;8;0;1;yes;0;%;Monterrey;Television;no;0;0;no;Suspendido;0;0
12224;01/12/2020;27/12/2020;71008;0;0;3992;75000;;;due;7047;8;0;2;yes;0;%;Monterrey;Television;no;0;0;no;Suspendido;0;50000
12225;01/12/2020;27/12/2020;-19167;0;0;0;-19167;;;paid;7048;8;0;1;yes;0;%;Monterrey;Television;no;0;0;no;Suspendido;0;0
12226;01/12/2020;27/12/2020;0;0;0;0;0;;;paid;7049;8;0;1;yes;0;%;Monterrey;Television;no;0;0;no;Suspendido;0;0
12227;01/12/2020;27/12/2020;0;0;0;0;0;;;paid;7050;8;0;1;yes;0;%;Monterrey;Television;no;0;0;no;Suspendido;0;0
12228;01/12/2020;27/12/2020;806;0;0;0;806;;;due;7051;8;0;1;yes;0;%;Monterrey;Television;no;0;0;no;Suspendido;0;0
12229;01/12/2020;27/12/2020;0;0;0;0;0;;;paid;7052;8;0;1;yes;0;%;Monterrey;Television;no;0;0;no;Suspendido;0;0
12230;01/12/2020;27/12/2020;46008;0;0;3992;50000;;;due;7053;8;0;2;yes;0;%;Monterrey;Television;no;0;0;no;Suspendido;0;25000
12231;01/12/2020;27/12/2020;6667;0;0;0;6667;;;due;7054;8;0;1;yes;0;%;Monterrey;Television;no;0;0;no;Suspendido;0;0
12232;01/12/2020;27/12/2020;-18548;0;0;0;-18548;;;paid;7055;8;0;1;yes;0;%;Monterrey;Television;no;0;0;no;Suspendido;0;0
12233;01/12/2020;27/12/2020;806;0;0;0;806;;;due;7056;8;0;1;yes;0;%;Monterrey;Television;no;0;0;no;Suspendido;0;0
12234;01/12/2020;27/12/2020;-806;0;0;0;-806;;;paid;7057;8;0;1;yes;0;%;Monterrey;Television;no;0;0;no;Suspendido;0;0
12235;01/12/2020;27/12/2020;0;0;0;0;0;;;paid;7058;8;0;1;yes;0;%;Monterrey;Television;no;0;0;no;Suspendido;0;0
12236;01/12/2020;27/12/2020;32298;0;0;3992;36290;;;due;7059;8;0;2;yes;0;%;Monterrey;Television;no;0;0;no;Suspendido;0;11290
12237;01/12/2020;27/12/2020;0;0;0;0;0;;;paid;7060;8;0;1;yes;0;%;Monterrey;Television;no;0;0;no;Suspendido;0;0
12238;01/12/2020;27/12/2020;0;0;0;0;0;;;paid;7061;8;0;1;yes;0;%;Monterrey;Television;no;0;0;no;Suspendido;0;0
12239;01/12/2020;27/12/2020;-893;0;0;0;-893;;;paid;7062;8;0;1;yes;0;%;Monterrey;Television;no;0;0;no;Suspendido;0;0
12240;01/12/2020;27/12/2020;0;0;0;0;0;;;paid;7063;8;0;1;yes;0;%;Monterrey;Television;no;0;0;no;Suspendido;0;0
12241;01/12/2020;27/12/2020;0;0;0;0;0;;;paid;7064;8;0;1;yes;0;%;Monterrey;Television;no;0;0;no;Suspendido;0;0
12242;01/12/2020;27/12/2020;0;0;0;0;0;;;paid;7065;8;0;1;yes;0;%;Monterrey;Television;no;0;0;no;Suspendido;0;0
12243;01/12/2020;27/12/2020;6452;0;0;0;6452;;;due;7066;8;0;1;yes;0;%;Monterrey;Television;no;0;0;no;Suspendido;0;0
12244;01/12/2020;27/12/2020;-2167;0;0;0;-2167;;;paid;7067;8;0;2;yes;0;%;Monterrey;Television;5Megas;0;0;no;Suspendido;0;0
12245;01/12/2020;27/12/2020;0;0;0;0;0;;;paid;7068;8;0;1;yes;0;%;Monterrey;Television;no;0;0;no;Suspendido;0;0
12246;01/12/2020;27/12/2020;-32;0;0;0;-32;;;paid;7069;8;0;1;yes;0;%;Monterrey;Television;no;0;0;no;Suspendido;0;0
12247;01/12/2020;27/12/2020;0;0;0;0;0;;;paid;7070;8;0;1;yes;0;%;Monterrey;Television;no;0;0;no;Suspendido;0;0
12248;01/12/2020;27/12/2020;0;0;0;0;0;;;paid;7071;8;0;1;yes;0;%;Monterrey;Television;no;0;0;no;Suspendido;0;0
12249;01/12/2020;27/12/2020;0;0;0;0;0;;;paid;7072;8;0;1;yes;0;%;Monterrey;Television;no;0;0;no;Suspendido;0;0
12250;01/12/2020;27/12/2020;0;0;0;0;0;;;paid;7073;8;0;1;yes;0;%;Monterrey;Television;no;0;0;no;Suspendido;0;0
12251;01/12/2020;27/12/2020;-19358;0;0;0;-19358;;;paid;7074;8;0;1;yes;0;%;Monterrey;Television;no;0;0;no;Suspendido;0;0
12252;01/12/2020;27/12/2020;0;0;0;0;0;;;paid;7075;8;0;1;yes;0;%;Monterrey;Television;no;0;0;no;Suspendido;0;0
12253;01/12/2020;27/12/2020;0;0;0;0;0;;;paid;7076;8;0;1;yes;0;%;Monterrey;Television;no;0;0;no;Suspendido;0;0
12254;01/12/2020;27/12/2020;71008;0;0;3992;75000;;;due;7077;8;0;2;yes;0;%;Monterrey;Television;no;0;0;no;Suspendido;0;50000
12255;01/12/2020;27/12/2020;46008;0;0;3992;50000;;;due;7078;8;0;2;yes;0;%;Monterrey;Television;no;0;0;no;Suspendido;0;25000
12256;01/12/2020;27/12/2020;0;0;0;0;0;;;paid;7079;8;0;1;yes;0;%;Monterrey;Television;no;0;0;no;Suspendido;0;0
12257;01/12/2020;27/12/2020;0;0;0;0;0;;;paid;7080;8;0;1;yes;0;%;Monterrey;Television;no;0;0;no;Suspendido;0;0
12258;01/12/2020;27/12/2020;0;0;0;0;0;;;paid;7081;8;0;1;yes;0;%;Monterrey;Television;no;0;0;no;Suspendido;0;0
12259;01/12/2020;27/12/2020;0;0;0;0;0;;;paid;7082;8;0;1;yes;0;%;Monterrey;Television;no;0;0;no;Suspendido;0;0
12260;01/12/2020;27/12/2020;0;0;0;0;0;;;paid;7083;8;0;1;yes;0;%;Monterrey;Television;no;0;0;no;Suspendido;0;0
12261;01/12/2020;27/12/2020;0;0;0;0;0;;;paid;7084;8;0;1;yes;0;%;Monterrey;Television;no;0;0;no;Suspendido;0;0
12262;01/12/2020;27/12/2020;71008;0;0;3992;75000;;;due;7085;8;0;2;yes;0;%;Monterrey;Television;no;0;0;no;Suspendido;0;50000
12263;01/12/2020;27/12/2020;21008;0;0;3992;25000;;;due;7086;8;0;1;yes;0;%;Monterrey;Television;no;0;0;no;Suspendido;0;0
12264;01/12/2020;27/12/2020;-867;0;0;0;-867;;;paid;7087;8;0;1;yes;0;%;Monterrey;Television;no;0;0;no;Suspendido;0;0
12265;01/12/2020;27/12/2020;0;0;0;0;0;;;paid;7088;8;0;1;yes;0;%;Monterrey;Television;no;0;0;no;Suspendido;0;0
12266;01/12/2020;27/12/2020;0;0;0;0;0;;;paid;7089;8;0;1;yes;0;%;Monterrey;Television;no;0;0;no;Suspendido;0;0
12267;01/12/2020;27/12/2020;46008;0;0;3992;50000;;;due;7090;8;0;2;yes;0;%;Monterrey;Television;no;0;0;no;Suspendido;0;25000
12268;01/12/2020;27/12/2020;-14516;0;0;0;-14516;;;paid;7091;8;0;1;yes;0;%;Monterrey;Television;no;0;0;no;Suspendido;0;0
12269;01/12/2020;27/12/2020;0;0;0;0;0;;;paid;7092;8;0;1;yes;0;%;Monterrey;Television;no;0;0;no;Suspendido;0;0
12270;01/12/2020;27/12/2020;0;0;0;0;0;;;paid;7093;8;0;1;yes;0;%;Monterrey;Television;no;0;0;no;Suspendido;0;0
12271;01/12/2020;27/12/2020;806;0;0;0;806;;;due;7094;8;0;1;yes;0;%;Monterrey;Television;no;0;0;no;Suspendido;0;0
12272;01/12/2020;27/12/2020;0;0;0;0;0;;;paid;7095;8;0;1;yes;0;%;Monterrey;Television;no;0;0;no;Suspendido;0;0
12273;01/12/2020;27/12/2020;17241;0;0;0;17241;;;due;7096;8;0;1;yes;0;%;Monterrey;Television;no;0;0;no;Suspendido;0;0
12274;01/12/2020;27/12/2020;-1613;0;0;0;-1613;;;paid;7097;8;0;1;yes;0;%;Monterrey;Television;no;0;0;no;Suspendido;0;0
12275;01/12/2020;27/12/2020;-1935;0;0;0;-1935;;;paid;7098;8;0;1;yes;0;%;Monterrey;Television;no;0;0;no;Suspendido;0;0
12276;01/12/2020;27/12/2020;20175;0;0;3992;24167;;;due;7099;8;0;1;yes;0;%;Monterrey;Television;no;0;0;no;Suspendido;0;0
12277;01/12/2020;27/12/2020;18422;0;0;3992;22414;;;due;7100;8;0;1;yes;0;%;Monterrey;Television;no;0;0;no;Suspendido;0;0
12278;01/12/2020;27/12/2020;-806;0;0;0;-806;;;paid;7101;8;0;1;yes;0;%;Monterrey;Television;no;0;0;no;Suspendido;0;0
12279;01/12/2020;27/12/2020;0;0;0;0;0;;;paid;7102;8;0;1;yes;0;%;Monterrey;Television;no;0;0;no;Suspendido;0;0
12280;01/12/2020;27/12/2020;0;0;0;0;0;;;paid;7103;8;0;1;yes;0;%;Monterrey;Television;no;0;0;no;Suspendido;0;0
12281;01/12/2020;27/12/2020;46008;0;0;3992;50000;;;due;7104;8;0;2;yes;0;%;Monterrey;Television;no;0;0;no;Suspendido;0;25000
12282;01/12/2020;27/12/2020;0;0;0;0;0;;;paid;7105;8;0;1;yes;0;%;Monterrey;Television;no;0;0;no;Suspendido;0;0
12283;01/12/2020;27/12/2020;-12097;0;0;0;-12097;;;paid;7106;8;0;1;yes;0;%;Monterrey;Television;no;0;0;no;Suspendido;0;0
12284;01/12/2020;27/12/2020;0;0;0;0;0;;;paid;7107;8;0;1;yes;0;%;Monterrey;Television;no;0;0;no;Suspendido;0;0
12285;01/12/2020;27/12/2020;46008;0;0;3992;50000;;;due;7108;8;0;2;yes;0;%;Monterrey;Television;no;0;0;no;Suspendido;0;25000
12286;01/12/2020;27/12/2020;0;0;0;0;0;;;paid;7109;8;0;1;yes;0;%;Monterrey;Television;no;0;0;no;Suspendido;0;0
12287;01/12/2020;27/12/2020;71008;0;0;3992;75000;;;due;7110;8;0;2;yes;0;%;Monterrey;Television;no;0;0;no;Suspendido;0;50000
12288;01/12/2020;27/12/2020;0;0;0;0;0;;;paid;7111;8;0;1;yes;0;%;Monterrey;Television;no;0;0;no;Suspendido;0;0
12289;01/12/2020;27/12/2020;-2419;0;0;0;-2419;;;paid;7112;8;0;1;yes;0;%;Monterrey;Television;no;0;0;no;Suspendido;0;0
12290;01/12/2020;27/12/2020;71008;0;0;3992;75000;;;due;7113;8;0;2;yes;0;%;Monterrey;Television;no;0;0;no;Suspendido;0;50000
12291;01/12/2020;27/12/2020;0;0;0;0;0;;;paid;7114;8;0;1;yes;0;%;Monterrey;Television;no;0;0;no;Suspendido;0;0
12292;01/12/2020;27/12/2020;0;0;0;0;0;;;paid;7115;8;0;1;yes;0;%;Monterrey;Television;no;0;0;no;Suspendido;0;0
12293;01/12/2020;27/12/2020;0;0;0;0;0;;;paid;7116;8;0;1;yes;0;%;Monterrey;Television;no;0;0;no;Suspendido;0;0
12294;01/12/2020;27/12/2020;96008;0;0;3992;100000;;;due;7117;8;0;2;yes;0;%;Monterrey;Television;no;0;0;no;Suspendido;0;75000
12295;01/12/2020;27/12/2020;0;0;0;0;0;;;paid;7118;8;0;1;yes;0;%;Monterrey;Television;no;0;0;no;Suspendido;0;0
12296;01/12/2020;27/12/2020;71008;0;0;3992;75000;;;due;7119;8;0;2;yes;0;%;Monterrey;Television;no;0;0;no;Suspendido;0;50000
12297;01/12/2020;27/12/2020;0;0;0;0;0;;;paid;7120;8;0;1;yes;0;%;Monterrey;Television;no;0;0;no;Suspendido;0;0
12298;01/12/2020;27/12/2020;-20161;0;0;0;-20161;;;paid;7121;8;0;2;yes;0;%;Monterrey;Television;10Megas;0;0;no;Suspendido;0;0
12299;01/12/2020;27/12/2020;0;0;0;0;0;;;paid;7122;8;0;1;yes;0;%;Monterrey;Television;no;0;0;no;Suspendido;0;0
12300;01/12/2020;27/12/2020;-36833;0;0;0;-36833;;;paid;7123;8;0;2;yes;0;%;Monterrey;Television;5Megas;0;0;no;Suspendido;0;0
12301;01/12/2020;27/12/2020;871;0;0;0;871;;;due;7124;8;0;1;yes;0;%;Monterrey;Television;no;0;0;no;Suspendido;0;0
12302;01/12/2020;27/12/2020;0;0;0;0;0;;;paid;7125;8;0;1;yes;0;%;Monterrey;Television;no;0;0;no;Suspendido;0;0
12303;01/12/2020;27/12/2020;-14459;0;0;0;-14459;;;paid;7126;8;0;1;yes;0;%;Monterrey;Television;no;0;0;no;Suspendido;0;0
12304;01/12/2020;27/12/2020;0;0;0;0;0;;;paid;7127;8;0;1;yes;0;%;Monterrey;Television;no;0;0;no;Suspendido;0;0
12305;01/12/2020;27/12/2020;0;0;0;0;0;;;paid;7128;8;0;1;yes;0;%;Monterrey;Television;no;0;0;no;Suspendido;0;0
12306;01/12/2020;27/12/2020;-1667;0;0;0;-1667;;;paid;7129;8;0;1;yes;0;%;Monterrey;Television;no;0;0;no;Suspendido;0;0
12307;01/12/2020;27/12/2020;0;0;0;0;0;;;paid;7130;8;0;1;yes;0;%;Monterrey;Television;no;0;0;no;Suspendido;0;0
12308;01/12/2020;27/12/2020;0;0;0;0;0;;;paid;7131;8;0;1;yes;0;%;Monterrey;Television;no;0;0;no;Suspendido;0;0
12309;01/12/2020;27/12/2020;0;0;0;0;0;;;paid;7132;8;0;1;yes;0;%;Monterrey;Television;no;0;0;no;Suspendido;0;0
12310;01/12/2020;27/12/2020;0;0;0;0;0;;;paid;7133;8;0;1;yes;0;%;Monterrey;Television;no;0;0;no;Suspendido;0;0
12311;01/12/2020;27/12/2020;-1786;0;0;0;-1786;;;paid;7134;8;0;1;yes;0;%;Monterrey;Television;no;0;0;no;Suspendido;0;0
12312;01/12/2020;27/12/2020;0;0;0;0;0;;;paid;7135;8;0;1;yes;0;%;Monterrey;Television;no;0;0;no;Suspendido;0;0
12313;01/12/2020;27/12/2020;-1786;0;0;0;-1786;;;paid;7136;8;0;1;yes;0;%;Monterrey;Television;no;0;0;no;Suspendido;0;0
12314;01/12/2020;27/12/2020;0;0;0;0;0;;;paid;7137;8;0;1;yes;0;%;Monterrey;Television;no;0;0;no;Suspendido;0;0
12315;01/12/2020;27/12/2020;0;0;0;0;0;;;paid;7138;8;0;1;yes;0;%;Monterrey;Television;no;0;0;no;Suspendido;0;0
12316;01/12/2020;27/12/2020;3333;0;0;0;3333;;;due;7139;8;0;1;yes;0;%;Monterrey;Television;no;0;0;no;Suspendido;0;0
12317;01/12/2020;27/12/2020;-3226;0;0;0;-3226;;;paid;7140;8;0;1;yes;0;%;Monterrey;Television;no;0;0;no;Suspendido;0;0
12318;01/12/2020;27/12/2020;0;0;0;0;0;;;paid;7141;8;0;1;yes;0;%;Monterrey;Television;no;0;0;no;Suspendido;0;0
12319;01/12/2020;27/12/2020;-1613;0;0;0;-1613;;;paid;7142;8;0;1;yes;0;%;Monterrey;Television;no;0;0;no;Suspendido;0;0
12320;01/12/2020;27/12/2020;8871;0;0;0;8871;;;due;7143;8;0;1;yes;0;%;Monterrey;Television;no;0;0;no;Suspendido;0;0
12321;01/12/2020;27/12/2020;-3226;0;0;0;-3226;;;paid;7144;8;0;1;yes;0;%;Monterrey;Television;no;0;0;no;Suspendido;0;0
12322;01/12/2020;27/12/2020;0;0;0;0;0;;;paid;7145;8;0;1;yes;0;%;Monterrey;Television;no;0;0;no;Suspendido;0;0
12323;01/12/2020;27/12/2020;-3226;0;0;0;-3226;;;paid;7146;8;0;1;yes;0;%;Monterrey;Television;no;0;0;no;Suspendido;0;0
12324;01/12/2020;27/12/2020;0;0;0;0;0;;;paid;7147;8;0;1;yes;0;%;Monterrey;Television;no;0;0;no;Suspendido;0;0
12325;01/12/2020;27/12/2020;-833;0;0;0;-833;;;paid;7148;8;0;1;yes;0;%;Monterrey;Television;no;0;0;no;Suspendido;0;0
12326;01/12/2020;27/12/2020;0;0;0;0;0;;;paid;7149;8;0;1;yes;0;%;Monterrey;Television;no;0;0;no;Suspendido;0;0
12327;01/12/2020;27/12/2020;0;0;0;0;0;;;paid;7150;8;0;1;yes;0;%;Monterrey;Television;no;0;0;no;Suspendido;0;0
12328;01/12/2020;27/12/2020;-1613;0;0;0;-1613;;;paid;7151;8;0;1;yes;0;%;Monterrey;Television;no;0;0;no;Suspendido;0;0
12329;01/12/2020;27/12/2020;14167;0;0;0;14167;;;due;7152;8;0;1;yes;0;%;Monterrey;Television;no;0;0;no;Suspendido;0;0
12330;01/12/2020;27/12/2020;0;0;0;0;0;;;paid;7153;8;0;1;yes;0;%;Monterrey;Television;no;0;0;no;Suspendido;0;0
12331;01/12/2020;27/12/2020;0;0;0;0;0;;;paid;7154;8;0;1;yes;0;%;Monterrey;Television;no;0;0;no;Suspendido;0;0
12332;01/12/2020;27/12/2020;-1613;0;0;0;-1613;;;paid;7155;8;0;1;yes;0;%;Monterrey;Television;no;0;0;no;Suspendido;0;0
12333;01/12/2020;27/12/2020;46008;0;0;3992;50000;;;due;7156;8;0;2;yes;0;%;Monterrey;Television;no;0;0;no;Suspendido;0;25000
12334;01/12/2020;27/12/2020;0;0;0;0;0;;;paid;7157;8;0;1;yes;0;%;Monterrey;Television;no;0;0;no;Suspendido;0;0
12335;01/12/2020;27/12/2020;-806;0;0;0;-806;;;paid;7158;8;0;1;yes;0;%;Monterrey;Television;no;0;0;no;Suspendido;0;0
12336;01/12/2020;27/12/2020;39167;0;0;0;39167;;;due;7159;8;0;2;yes;0;%;Monterrey;Television;3Megas;0;0;no;Suspendido;0;0
12337;01/12/2020;27/12/2020;0;0;0;0;0;;;paid;7160;8;0;1;yes;0;%;Monterrey;Television;no;0;0;no;Suspendido;0;0
12338;01/12/2020;27/12/2020;0;0;0;0;0;;;paid;7161;8;0;1;yes;0;%;Monterrey;Television;no;0;0;no;Suspendido;0;0
12339;01/12/2020;27/12/2020;0;0;0;0;0;;;paid;7162;8;0;1;yes;0;%;Monterrey;Television;no;0;0;no;Suspendido;0;0
12340;01/12/2020;27/12/2020;0;0;0;0;0;;;paid;7163;8;0;1;yes;0;%;Monterrey;Television;no;0;0;no;Suspendido;0;0
12341;01/12/2020;27/12/2020;87008;0;0;3992;91000;;;due;7164;8;0;3;yes;0;%;Monterrey;Television;5Megas;0;0;no;Suspendido;0;26000
12342;01/12/2020;27/12/2020;46008;0;0;3992;50000;;;due;7165;8;0;2;yes;0;%;Monterrey;Television;no;0;0;no;Suspendido;0;25000
12343;01/12/2020;27/12/2020;46008;0;0;3992;50000;;;due;7166;8;0;2;yes;0;%;Monterrey;Television;no;0;0;no;Suspendido;0;25000
12344;01/12/2020;27/12/2020;0;0;0;0;0;;;paid;7167;8;0;1;yes;0;%;Monterrey;Television;no;0;0;no;Suspendido;0;0
12345;01/12/2020;27/12/2020;-2500;0;0;0;-2500;;;paid;7168;8;0;1;yes;0;%;Monterrey;Television;no;0;0;no;Suspendido;0;0
12346;01/12/2020;27/12/2020;0;0;0;0;0;;;paid;7169;8;0;1;yes;0;%;Monterrey;Television;no;0;0;no;Suspendido;0;0
12347;01/12/2020;27/12/2020;0;0;0;0;0;;;paid;7170;8;0;2;yes;0;%;Monterrey;Television;5Megas;0;0;no;Suspendido;0;0
12348;01/12/2020;27/12/2020;1;0;0;0;1;;;due;7171;8;0;1;yes;0;%;Monterrey;Television;no;0;0;no;Suspendido;0;0
12349;01/12/2020;27/12/2020;0;0;0;0;0;;;paid;7172;8;0;1;yes;0;%;Monterrey;Television;no;0;0;no;Suspendido;0;0
12350;01/12/2020;27/12/2020;806;0;0;0;806;;;due;7173;8;0;1;yes;0;%;Monterrey;Television;no;0;0;no;Suspendido;0;0
12351;01/12/2020;27/12/2020;0;0;0;0;0;;;paid;7174;8;0;1;yes;0;%;Monterrey;Television;no;0;0;no;Suspendido;0;0
12352;01/12/2020;27/12/2020;0;0;0;0;0;;;paid;7175;8;0;1;yes;0;%;Monterrey;Television;no;0;0;no;Suspendido;0;0
12353;01/12/2020;27/12/2020;0;0;0;0;0;;;paid;7176;8;0;1;yes;0;%;Monterrey;Television;no;0;0;no;Suspendido;0;0
12354;01/12/2020;27/12/2020;0;0;0;0;0;;;paid;7177;8;0;1;yes;0;%;Monterrey;Television;no;0;0;no;Suspendido;0;0
12355;01/12/2020;27/12/2020;0;0;0;0;0;;;paid;7178;8;0;1;yes;0;%;Monterrey;Television;no;0;0;no;Suspendido;0;0
12356;01/12/2020;27/12/2020;0;0;0;0;0;;;paid;7179;8;0;1;yes;0;%;Monterrey;Television;no;0;0;no;Suspendido;0;0
12357;01/12/2020;27/12/2020;-833;0;0;0;-833;;;paid;7180;8;0;1;yes;0;%;Monterrey;Television;no;0;0;no;Suspendido;0;0
12358;01/12/2020;27/12/2020;0;0;0;0;0;;;paid;7181;8;0;1;yes;0;%;Monterrey;Television;no;0;0;no;Suspendido;0;0
12359;01/12/2020;27/12/2020;17051;0;0;0;17051;;;due;7182;8;0;1;yes;0;%;Monterrey;Television;no;0;0;no;Suspendido;0;0
12360;01/12/2020;27/12/2020;96008;0;0;3992;100000;;;due;7183;8;0;2;yes;0;%;Monterrey;Television;no;0;0;no;Suspendido;0;75000
12361;01/12/2020;27/12/2020;-1786;0;0;0;-1786;;;paid;7184;8;0;1;yes;0;%;Monterrey;Television;no;0;0;no;Suspendido;0;0
12362;01/12/2020;27/12/2020;0;0;0;0;0;;;paid;7185;8;0;1;yes;0;%;Monterrey;Television;no;0;0;no;Suspendido;0;0
12363;01/12/2020;27/12/2020;0;0;0;0;0;;;paid;7186;8;0;1;yes;0;%;Monterrey;Television;no;0;0;no;Suspendido;0;0
12364;01/12/2020;27/12/2020;30202;0;0;3992;34194;;;due;7187;8;0;2;yes;0;%;Monterrey;Television;no;0;0;no;Suspendido;0;9194
12365;01/12/2020;27/12/2020;0;0;0;0;0;;;paid;7188;8;0;1;yes;0;%;Monterrey;Television;no;0;0;no;Suspendido;0;0
12366;01/12/2020;27/12/2020;0;0;0;0;0;;;paid;7189;8;0;1;yes;0;%;Monterrey;Television;no;0;0;no;Suspendido;0;0
12367;01/12/2020;27/12/2020;96008;0;0;3992;100000;;;due;7190;8;0;2;yes;0;%;Monterrey;Television;no;0;0;no;Suspendido;0;75000
12368;01/12/2020;27/12/2020;0;0;0;0;0;;;paid;7191;8;0;1;yes;0;%;Monterrey;Television;no;0;0;no;Suspendido;0;0
12369;01/12/2020;27/12/2020;0;0;0;0;0;;;paid;7192;8;0;1;yes;0;%;Monterrey;Television;no;0;0;no;Suspendido;0;0
12370;01/12/2020;27/12/2020;0;0;0;0;0;;;paid;7193;8;0;1;yes;0;%;Monterrey;Television;no;0;0;no;Suspendido;0;0
12371;01/12/2020;27/12/2020;-1667;0;0;0;-1667;;;paid;7194;8;0;1;yes;0;%;Monterrey;Television;no;0;0;no;Suspendido;0;0
12372;01/12/2020;27/12/2020;71008;0;0;3992;75000;;;due;7195;8;0;2;yes;0;%;Monterrey;Television;no;0;0;no;Suspendido;0;50000
12373;01/12/2020;27/12/2020;8009;0;0;0;8009;;;due;7196;8;0;1;yes;0;%;Monterrey;Television;no;0;0;no;Suspendido;0;0
12374;01/12/2020;27/12/2020;0;0;0;0;0;;;paid;7197;8;0;1;yes;0;%;Monterrey;Television;no;0;0;no;Suspendido;0;0
12375;01/12/2020;27/12/2020;0;0;0;0;0;;;paid;7198;8;0;1;yes;0;%;Monterrey;Television;no;0;0;no;Suspendido;0;0
12376;01/12/2020;27/12/2020;-21774;0;0;0;-21774;;;paid;7199;8;0;1;yes;0;%;Monterrey;Television;no;0;0;no;Suspendido;0;0
12377;01/12/2020;27/12/2020;0;0;0;0;0;;;paid;7200;8;0;1;yes;0;%;Monterrey;Television;no;0;0;no;Suspendido;0;0
12378;01/12/2020;27/12/2020;0;0;0;0;0;;;paid;7201;8;0;1;yes;0;%;Monterrey;Television;no;0;0;no;Suspendido;0;0
12379;01/12/2020;27/12/2020;-15322;0;0;0;-15322;;;paid;7202;8;0;1;yes;0;%;Monterrey;Television;no;0;0;no;Suspendido;0;0
12380;01/12/2020;27/12/2020;0;0;0;0;0;;;paid;7203;8;0;1;yes;0;%;Monterrey;Television;no;0;0;no;Suspendido;0;0
12381;01/12/2020;27/12/2020;0;0;0;0;0;;;paid;7204;8;0;1;yes;0;%;Monterrey;Television;no;0;0;no;Suspendido;0;0
12382;01/12/2020;27/12/2020;0;0;0;0;0;;;paid;7205;8;0;1;yes;0;%;Monterrey;Television;no;0;0;no;Suspendido;0;0
12383;01/12/2020;27/12/2020;0;0;0;0;0;;;paid;7206;8;0;1;yes;0;%;Monterrey;Television;no;0;0;no;Suspendido;0;0
12384;01/12/2020;27/12/2020;1613;0;0;0;1613;;;due;7207;8;0;1;yes;0;%;Monterrey;Television;no;0;0;no;Suspendido;0;0
12385;01/12/2020;27/12/2020;17782;0;0;3992;21774;;;due;7208;8;0;1;yes;0;%;Monterrey;Television;no;0;0;no;Suspendido;0;0
12386;01/12/2020;27/12/2020;-5645;0;0;0;-5645;;;paid;7209;8;0;1;yes;0;%;Monterrey;Television;no;0;0;no;Suspendido;0;0
12387;01/12/2020;27/12/2020;71008;0;0;3992;75000;;;due;7210;8;0;2;yes;0;%;Monterrey;Television;no;0;0;no;Suspendido;0;50000
12388;01/12/2020;27/12/2020;-10000;0;0;0;-10000;;;paid;7211;8;0;1;yes;0;%;Monterrey;Television;no;0;0;no;Suspendido;0;0
12389;01/12/2020;27/12/2020;0;0;0;0;0;;;paid;7212;8;0;1;yes;0;%;Monterrey;Television;no;0;0;no;Suspendido;0;0
12390;01/12/2020;27/12/2020;0;0;0;0;0;;;paid;7213;8;0;1;yes;0;%;Monterrey;Television;no;0;0;no;Suspendido;0;0
12391;01/12/2020;27/12/2020;1;0;0;0;1;;;due;7214;8;0;1;yes;0;%;Monterrey;Television;no;0;0;no;Suspendido;0;0
12392;01/12/2020;27/12/2020;16976;0;0;3992;20968;;;due;7215;8;0;1;yes;0;%;Monterrey;Television;no;0;0;no;Suspendido;0;0
12393;01/12/2020;27/12/2020;71008;0;0;3992;75000;;;due;7216;8;0;2;yes;0;%;Monterrey;Television;no;0;0;no;Suspendido;0;50000
12394;01/12/2020;27/12/2020;61008;0;0;3992;65000;;;due;7217;8;0;2;yes;0;%;Monterrey;Television;no;0;0;no;Suspendido;0;40000
12395;01/12/2020;27/12/2020;46008;0;0;3992;50000;;;due;7218;8;0;2;yes;0;%;Monterrey;Television;no;0;0;no;Suspendido;0;25000
12396;01/12/2020;27/12/2020;0;0;0;0;0;;;paid;7219;8;0;1;yes;0;%;Monterrey;Television;no;0;0;no;Suspendido;0;0
12397;01/12/2020;27/12/2020;0;0;0;0;0;;;paid;7220;8;0;1;yes;0;%;Monterrey;Television;no;0;0;no;Suspendido;0;0
12398;01/12/2020;27/12/2020;71008;0;0;3992;75000;;;due;7221;8;0;2;yes;0;%;Monterrey;Television;no;0;0;no;Suspendido;0;50000
12399;01/12/2020;27/12/2020;0;0;0;0;0;;;paid;7222;8;0;1;yes;0;%;Monterrey;Television;no;0;0;no;Suspendido;0;0
12400;01/12/2020;27/12/2020;0;0;0;0;0;;;paid;7223;8;0;1;yes;0;%;Monterrey;Television;no;0;0;no;Suspendido;0;0
12401;01/12/2020;27/12/2020;0;0;0;0;0;;;paid;7224;8;0;1;yes;0;%;Monterrey;Television;no;0;0;no;Suspendido;0;0
12402;01/12/2020;27/12/2020;0;0;0;0;0;;;paid;7225;8;0;1;yes;0;%;Monterrey;Television;no;0;0;no;Suspendido;0;0
12403;01/12/2020;27/12/2020;46008;0;0;3992;50000;;;due;7226;8;0;2;yes;0;%;Monterrey;Television;no;0;0;no;Suspendido;0;25000
12404;01/12/2020;27/12/2020;46008;0;0;3992;50000;;;due;7227;8;0;2;yes;0;%;Monterrey;Television;no;0;0;no;Suspendido;0;25000
12405;01/12/2020;27/12/2020;-3226;0;0;0;-3226;;;paid;7228;8;0;1;yes;0;%;Monterrey;Television;no;0;0;no;Suspendido;0;0
12406;01/12/2020;27/12/2020;17241;0;0;0;17241;;;due;7229;8;0;1;yes;0;%;Monterrey;Television;no;0;0;no;Suspendido;0;0
12407;01/12/2020;27/12/2020;-1786;0;0;0;-1786;;;paid;7230;8;0;1;yes;0;%;Monterrey;Television;no;0;0;no;Suspendido;0;0
12408;01/12/2020;27/12/2020;0;0;0;0;0;;;paid;7231;8;0;1;yes;0;%;Monterrey;Television;no;0;0;no;Suspendido;0;0
12409;01/12/2020;27/12/2020;-3226;0;0;0;-3226;;;paid;7232;8;0;1;yes;0;%;Monterrey;Television;no;0;0;no;Suspendido;0;0
12410;01/12/2020;27/12/2020;-893;0;0;0;-893;;;paid;7233;8;0;1;yes;0;%;Monterrey;Television;no;0;0;no;Suspendido;0;0
12411;01/12/2020;27/12/2020;46774;0;0;0;46774;;;due;7234;8;0;2;yes;0;%;Monterrey;Television;3Megas;0;0;no;Suspendido;0;0
12412;01/12/2020;27/12/2020;0;0;0;0;0;;;paid;7235;8;0;1;yes;0;%;Monterrey;Television;no;0;0;no;Suspendido;0;0
12413;01/12/2020;27/12/2020;0;0;0;0;0;;;paid;7236;8;0;1;yes;0;%;Monterrey;Television;no;0;0;no;Suspendido;0;0
12414;01/12/2020;27/12/2020;0;0;0;0;0;;;paid;7237;8;0;1;yes;0;%;Monterrey;Television;no;0;0;no;Suspendido;0;0
12415;01/12/2020;27/12/2020;-2419;0;0;0;-2419;;;paid;7238;8;0;1;yes;0;%;Monterrey;Television;no;0;0;no;Suspendido;0;0
12416;01/12/2020;27/12/2020;0;0;0;0;0;;;paid;7239;8;0;1;yes;0;%;Monterrey;Television;no;0;0;no;Suspendido;0;0
12417;01/12/2020;27/12/2020;64008;0;0;3992;68000;;;due;7240;8;0;2;yes;0;%;Monterrey;Television;no;0;0;no;Suspendido;0;43000
12418;01/12/2020;27/12/2020;-4226;0;0;0;-4226;;;paid;7241;8;0;1;yes;0;%;Monterrey;Television;no;0;0;no;Suspendido;0;0
12419;01/12/2020;27/12/2020;0;0;0;0;0;;;paid;7242;8;0;1;yes;0;%;Monterrey;Television;no;0;0;no;Suspendido;0;0
12420;01/12/2020;27/12/2020;0;0;0;0;0;;;paid;7243;8;0;1;yes;0;%;Monterrey;Television;no;0;0;no;Suspendido;0;0
12421;01/12/2020;27/12/2020;0;0;0;0;0;;;paid;7244;8;0;1;yes;0;%;Monterrey;Television;no;0;0;no;Suspendido;0;0
12422;01/12/2020;27/12/2020;2419;0;0;0;2419;;;due;7245;8;0;1;yes;0;%;Monterrey;Television;no;0;0;no;Suspendido;0;0
12423;01/12/2020;27/12/2020;0;0;0;0;0;;;paid;7246;8;0;1;yes;0;%;Monterrey;Television;no;0;0;no;Suspendido;0;0
12424;01/12/2020;27/12/2020;46008;0;0;3992;50000;;;due;7247;8;0;2;yes;0;%;Monterrey;Television;no;0;0;no;Suspendido;0;25000
12425;01/12/2020;27/12/2020;0;0;0;0;0;;;paid;7248;8;0;1;yes;0;%;Monterrey;Television;no;0;0;no;Suspendido;0;0
12426;01/12/2020;27/12/2020;0;0;0;0;0;;;paid;7249;8;0;1;yes;0;%;Monterrey;Television;no;0;0;no;Suspendido;0;0
12427;01/12/2020;27/12/2020;46008;0;0;3992;50000;;;due;7250;8;0;2;yes;0;%;Monterrey;Television;no;0;0;no;Suspendido;0;25000
12428;01/12/2020;27/12/2020;0;0;0;0;0;;;paid;7251;8;0;1;yes;0;%;Monterrey;Television;no;0;0;no;Suspendido;0;0
12429;01/12/2020;27/12/2020;0;0;0;0;0;;;paid;7252;8;0;1;yes;0;%;Monterrey;Television;no;0;0;no;Suspendido;0;0
12430;01/12/2020;27/12/2020;0;0;0;0;0;;;paid;7253;8;0;1;yes;0;%;Monterrey;Television;no;0;0;no;Suspendido;0;0
12431;01/12/2020;27/12/2020;96008;0;0;3992;100000;;;due;7254;8;0;2;yes;0;%;Monterrey;Television;no;0;0;no;Suspendido;0;75000
12432;01/12/2020;27/12/2020;0;0;0;0;0;;;paid;7255;8;0;1;yes;0;%;Monterrey;Television;no;0;0;no;Suspendido;0;0
12433;01/12/2020;27/12/2020;0;0;0;0;0;;;paid;7256;8;0;1;yes;0;%;Monterrey;Television;no;0;0;no;Suspendido;0;0
12434;01/12/2020;27/12/2020;121008;0;0;3992;125000;;;due;7257;8;0;2;yes;0;%;Monterrey;Television;no;0;0;no;Suspendido;0;100000
12435;01/12/2020;27/12/2020;0;0;0;0;0;;;paid;7258;8;0;1;yes;0;%;Monterrey;Television;no;0;0;no;Suspendido;0;0
12436;01/12/2020;27/12/2020;0;0;0;0;0;;;paid;7259;8;0;1;yes;0;%;Monterrey;Television;no;0;0;no;Suspendido;0;0
12437;01/12/2020;27/12/2020;0;0;0;0;0;;;paid;7260;8;0;1;yes;0;%;Monterrey;Television;no;0;0;no;Suspendido;0;0
12438;01/12/2020;27/12/2020;0;0;0;0;0;;;paid;7261;8;0;1;yes;0;%;Monterrey;Television;no;0;0;no;Suspendido;0;0
12439;01/12/2020;27/12/2020;3129;0;0;0;3129;;;due;7262;8;0;1;yes;0;%;Monterrey;Television;no;0;0;no;Suspendido;0;0
12440;01/12/2020;27/12/2020;0;0;0;0;0;;;paid;7263;8;0;1;yes;0;%;Monterrey;Television;no;0;0;no;Suspendido;0;0
12441;01/12/2020;27/12/2020;0;0;0;0;0;;;paid;7264;8;0;1;yes;0;%;Monterrey;Television;no;0;0;no;Suspendido;0;0
12442;01/12/2020;27/12/2020;0;0;0;0;0;;;paid;7265;8;0;1;yes;0;%;Monterrey;Television;no;0;0;no;Suspendido;0;0
12443;01/12/2020;27/12/2020;-9167;0;0;0;-9167;;;paid;7266;8;0;1;yes;0;%;Monterrey;Television;no;0;0;no;Suspendido;0;0
12444;01/12/2020;27/12/2020;41008;0;0;3992;45000;;;due;7267;8;0;2;yes;0;%;Monterrey;Television;no;0;0;no;Suspendido;0;20000
12445;01/12/2020;27/12/2020;31492;0;0;3992;35484;;;due;7268;8;0;2;yes;0;%;Monterrey;Television;no;0;0;no;Suspendido;0;10484
12446;01/12/2020;27/12/2020;0;0;0;0;0;;;paid;7269;8;0;1;yes;0;%;Monterrey;Television;no;0;0;no;Suspendido;0;0
12447;01/12/2020;27/12/2020;-25000;0;0;0;-25000;;;paid;7270;8;0;1;yes;0;%;Monterrey;Television;no;0;0;no;Suspendido;0;0
12448;01/12/2020;27/12/2020;0;0;0;0;0;;;paid;7271;8;0;1;yes;0;%;Monterrey;Television;no;0;0;no;Suspendido;0;0
12449;01/12/2020;27/12/2020;0;0;0;0;0;;;paid;7272;8;0;1;yes;0;%;Monterrey;Television;no;0;0;no;Suspendido;0;0
12450;01/12/2020;27/12/2020;8871;0;0;0;8871;;;due;7273;8;0;1;yes;0;%;Monterrey;Television;no;0;0;no;Suspendido;0;0
12451;01/12/2020;27/12/2020;-806;0;0;0;-806;;;paid;7274;8;0;1;yes;0;%;Monterrey;Television;no;0;0;no;Suspendido;0;0
12452;01/12/2020;27/12/2020;0;0;0;0;0;;;paid;7275;8;0;1;yes;0;%;Monterrey;Television;no;0;0;no;Suspendido;0;0
12453;01/12/2020;27/12/2020;-1613;0;0;0;-1613;;;paid;7276;8;0;1;yes;0;%;Monterrey;Television;no;0;0;no;Suspendido;0;0
12454;01/12/2020;27/12/2020;-1613;0;0;0;-1613;;;paid;7277;8;0;1;yes;0;%;Monterrey;Television;no;0;0;no;Suspendido;0;0
12455;01/12/2020;27/12/2020;0;0;0;0;0;;;paid;7278;8;0;1;yes;0;%;Monterrey;Television;no;0;0;no;Suspendido;0;0
12456;01/12/2020;27/12/2020;-3333;0;0;0;-3333;;;paid;7279;8;0;1;yes;0;%;Monterrey;Television;no;0;0;no;Suspendido;0;0
12457;01/12/2020;27/12/2020;71008;0;0;3992;75000;;;due;7280;8;0;2;yes;0;%;Monterrey;Television;no;0;0;no;Suspendido;0;50000
12458;01/12/2020;27/12/2020;0;0;0;0;0;;;paid;7281;8;0;1;yes;0;%;Monterrey;Television;no;0;0;no;Suspendido;0;0
12459;01/12/2020;27/12/2020;46008;0;0;3992;50000;;;due;7282;8;0;2;yes;0;%;Monterrey;Television;no;0;0;no;Suspendido;0;25000
12460;01/12/2020;27/12/2020;46008;0;0;3992;50000;;;due;7283;8;0;2;yes;0;%;Monterrey;Television;no;0;0;no;Suspendido;0;25000
12461;01/12/2020;27/12/2020;-1667;0;0;0;-1667;;;paid;7284;8;0;1;yes;0;%;Monterrey;Television;no;0;0;no;Suspendido;0;0
12462;01/12/2020;27/12/2020;46008;0;0;3992;50000;;;due;7285;8;0;2;yes;0;%;Monterrey;Television;no;0;0;no;Suspendido;0;25000
12463;01/12/2020;27/12/2020;-25806;0;0;0;-25806;;;paid;7286;8;0;1;yes;0;%;Monterrey;Television;no;0;0;no;Suspendido;0;0
12464;01/12/2020;27/12/2020;0;0;0;0;0;;;paid;7287;8;0;1;yes;0;%;Monterrey;Television;no;0;0;no;Suspendido;0;0
12465;01/12/2020;27/12/2020;0;0;0;0;0;;;paid;7288;8;0;1;yes;0;%;Monterrey;Television;no;0;0;no;Suspendido;0;0
12466;01/12/2020;27/12/2020;-2419;0;0;0;-2419;;;paid;7289;8;0;1;yes;0;%;Monterrey;Television;no;0;0;no;Suspendido;0;0
12467;01/12/2020;27/12/2020;46008;0;0;3992;50000;;;due;7290;8;0;2;yes;0;%;Monterrey;Television;no;0;0;no;Suspendido;0;25000
12468;01/12/2020;27/12/2020;0;0;0;0;0;;;paid;7291;8;0;1;yes;0;%;Monterrey;Television;no;0;0;no;Suspendido;0;0
12469;01/12/2020;27/12/2020;0;0;0;0;0;;;paid;7292;8;0;1;yes;0;%;Monterrey;Television;no;0;0;no;Suspendido;0;0
12470;01/12/2020;27/12/2020;0;0;0;0;0;;;paid;7293;8;0;1;yes;0;%;Monterrey;Television;no;0;0;no;Suspendido;0;0
12471;01/12/2020;27/12/2020;0;0;0;0;0;;;paid;7294;8;0;1;yes;0;%;Monterrey;Television;no;0;0;no;Suspendido;0;0
12472;01/12/2020;27/12/2020;2586;0;0;0;2586;;;due;7295;8;0;1;yes;0;%;Monterrey;Television;no;0;0;no;Suspendido;0;0
12473;01/12/2020;27/12/2020;0;0;0;0;0;;;paid;7296;8;0;1;yes;0;%;Monterrey;Television;no;0;0;no;Suspendido;0;0
12474;01/12/2020;27/12/2020;0;0;0;0;0;;;paid;7297;8;0;1;yes;0;%;Monterrey;Television;no;0;0;no;Suspendido;0;0
12475;01/12/2020;27/12/2020;36008;0;0;3992;40000;;;due;7298;8;0;2;yes;0;%;Monterrey;Television;no;0;0;no;Suspendido;0;15000
12476;01/12/2020;27/12/2020;0;0;0;0;0;;;paid;7299;8;0;1;yes;0;%;Monterrey;Television;no;0;0;no;Suspendido;0;0
12477;01/12/2020;27/12/2020;0;0;0;0;0;;;paid;7300;8;0;1;yes;0;%;Monterrey;Television;no;0;0;no;Suspendido;0;0
12478;01/12/2020;27/12/2020;0;0;0;0;0;;;paid;7301;8;0;1;yes;0;%;Monterrey;Television;no;0;0;no;Suspendido;0;0
12479;01/12/2020;27/12/2020;0;0;0;0;0;;;paid;7302;8;0;1;yes;0;%;Monterrey;Television;no;0;0;no;Suspendido;0;0
12480;01/12/2020;27/12/2020;46008;0;0;3992;50000;;;due;7303;8;0;2;yes;0;%;Monterrey;Television;no;0;0;no;Suspendido;0;25000
12481;01/12/2020;27/12/2020;0;0;0;0;0;;;paid;7304;8;0;1;yes;0;%;Monterrey;Television;no;0;0;no;Suspendido;0;0
12482;01/12/2020;27/12/2020;0;0;0;0;0;;;paid;7305;8;0;1;yes;0;%;Monterrey;Television;no;0;0;no;Suspendido;0;0
12483;01/12/2020;27/12/2020;0;0;0;0;0;;;paid;7306;8;0;1;yes;0;%;Monterrey;Television;no;0;0;no;Suspendido;0;0
12484;01/12/2020;27/12/2020;0;0;0;0;0;;;paid;7307;8;0;1;yes;0;%;Monterrey;Television;no;0;0;no;Suspendido;0;0
12485;01/12/2020;27/12/2020;0;0;0;0;0;;;paid;7308;8;0;1;yes;0;%;Monterrey;Television;no;0;0;no;Suspendido;0;0
12486;01/12/2020;27/12/2020;0;0;0;0;0;;;paid;7309;8;0;1;yes;0;%;Monterrey;Television;no;0;0;no;Suspendido;0;0
12487;01/12/2020;27/12/2020;0;0;0;0;0;;;paid;7310;8;0;1;yes;0;%;Monterrey;Television;no;0;0;no;Suspendido;0;0
12488;01/12/2020;27/12/2020;0;0;0;0;0;;;paid;7311;8;0;1;yes;0;%;Monterrey;Television;no;0;0;no;Suspendido;0;0
12489;01/12/2020;27/12/2020;0;0;0;0;0;;;paid;7312;8;0;1;yes;0;%;Monterrey;Television;no;0;0;no;Suspendido;0;0
12490;01/12/2020;27/12/2020;0;0;0;0;0;;;paid;7313;8;0;1;yes;0;%;Monterrey;Television;no;0;0;no;Suspendido;0;0
12491;01/12/2020;27/12/2020;21008;0;0;3992;25000;;;due;7314;8;0;1;yes;0;%;Monterrey;Television;no;0;0;no;Suspendido;0;0
12492;01/12/2020;27/12/2020;0;0;0;0;0;;;paid;7315;8;0;1;yes;0;%;Monterrey;Television;no;0;0;no;Suspendido;0;0
12493;01/12/2020;27/12/2020;0;0;0;0;0;;;paid;7316;8;0;1;yes;0;%;Monterrey;Television;no;0;0;no;Suspendido;0;0
12494;01/12/2020;27/12/2020;-1667;0;0;0;-1667;;;paid;7317;8;0;1;yes;0;%;Monterrey;Television;no;0;0;no;Suspendido;0;0
12495;01/12/2020;27/12/2020;0;0;0;0;0;;;paid;7318;8;0;1;yes;0;%;Monterrey;Television;no;0;0;no;Suspendido;0;0
12496;01/12/2020;27/12/2020;0;0;0;0;0;;;paid;7319;8;0;1;yes;0;%;Monterrey;Television;no;0;0;no;Suspendido;0;0
12497;01/12/2020;27/12/2020;0;0;0;0;0;;;paid;7320;8;0;1;yes;0;%;Monterrey;Television;no;0;0;no;Suspendido;0;0
12498;01/12/2020;27/12/2020;0;0;0;0;0;;;paid;7321;8;0;1;yes;0;%;Monterrey;Television;no;0;0;no;Suspendido;0;0
12499;01/12/2020;27/12/2020;0;0;0;0;0;;;paid;7322;8;0;1;yes;0;%;Monterrey;Television;no;0;0;no;Suspendido;0;0
12500;01/12/2020;27/12/2020;0;0;0;0;0;;;paid;7323;8;0;1;yes;0;%;Monterrey;Television;no;0;0;no;Suspendido;0;0
12501;01/12/2020;27/12/2020;0;0;0;0;0;;;paid;7324;8;0;1;yes;0;%;Monterrey;Television;no;0;0;no;Suspendido;0;0
12502;01/12/2020;27/12/2020;0;0;0;0;0;;;paid;7325;8;0;1;yes;0;%;Monterrey;Television;no;0;0;no;Suspendido;0;0
12503;01/12/2020;27/12/2020;0;0;0;0;0;;;paid;7326;8;0;1;yes;0;%;Monterrey;Television;no;0;0;no;Suspendido;0;0
12504;01/12/2020;27/12/2020;0;0;0;0;0;;;paid;7327;8;0;1;yes;0;%;Monterrey;Television;no;0;0;no;Suspendido;0;0
12505;01/12/2020;27/12/2020;-1613;0;0;0;-1613;;;paid;7328;8;0;1;yes;0;%;Monterrey;Television;no;0;0;no;Suspendido;0;0
12506;01/12/2020;27/12/2020;-2500;0;0;0;-2500;;;paid;7329;8;0;1;yes;0;%;Monterrey;Television;no;0;0;no;Suspendido;0;0
12507;01/12/2020;27/12/2020;0;0;0;0;0;;;paid;7330;8;0;1;yes;0;%;Monterrey;Television;no;0;0;no;Suspendido;0;0
12508;01/12/2020;27/12/2020;0;0;0;0;0;;;paid;7331;8;0;1;yes;0;%;Monterrey;Television;no;0;0;no;Suspendido;0;0
12509;01/12/2020;27/12/2020;0;0;0;0;0;;;paid;7332;8;0;1;yes;0;%;Monterrey;Television;no;0;0;no;Suspendido;0;0
12510;01/12/2020;27/12/2020;-8871;0;0;0;-8871;;;paid;7333;8;0;1;yes;0;%;Monterrey;Television;no;0;0;no;Suspendido;0;0
12511;01/12/2020;27/12/2020;0;0;0;0;0;;;paid;7334;8;0;1;yes;0;%;Monterrey;Television;no;0;0;no;Suspendido;0;0
12512;01/12/2020;27/12/2020;0;0;0;0;0;;;paid;7335;8;0;1;yes;0;%;Monterrey;Television;no;0;0;no;Suspendido;0;0
12513;01/12/2020;27/12/2020;0;0;0;0;0;;;paid;7336;8;0;1;yes;0;%;Monterrey;Television;no;0;0;no;Suspendido;0;0
12514;01/12/2020;27/12/2020;1226;0;0;0;1226;;;due;7337;8;0;1;yes;0;%;Monterrey;Television;no;0;0;no;Suspendido;0;0
12515;01/12/2020;27/12/2020;0;0;0;0;0;;;paid;7338;8;0;1;yes;0;%;Monterrey;Television;no;0;0;no;Suspendido;0;0
12516;01/12/2020;27/12/2020;71008;0;0;3992;75000;;;due;7339;8;0;2;yes;0;%;Monterrey;Television;no;0;0;no;Suspendido;0;50000
12517;01/12/2020;27/12/2020;0;0;0;0;0;;;paid;7340;8;0;1;yes;0;%;Monterrey;Television;no;0;0;no;Suspendido;0;0
12518;01/12/2020;27/12/2020;-16935;0;0;0;-16935;;;paid;7341;8;0;1;yes;0;%;Monterrey;Television;no;0;0;no;Suspendido;0;0
12519;01/12/2020;27/12/2020;-36833;0;0;0;-36833;;;paid;7342;8;0;2;yes;0;%;Monterrey;Television;5Megas;0;0;no;Suspendido;0;0
12520;01/12/2020;27/12/2020;121008;0;0;3992;125000;;;due;7343;8;0;2;yes;0;%;Monterrey;Television;no;0;0;no;Suspendido;0;100000
12521;01/12/2020;27/12/2020;-833;0;0;0;-833;;;paid;7344;8;0;1;yes;0;%;Monterrey;Television;no;0;0;no;Suspendido;0;0
12522;01/12/2020;27/12/2020;2502;0;0;0;2502;;;due;7345;8;0;1;yes;0;%;Monterrey;Television;no;0;0;no;Suspendido;0;0
12523;01/12/2020;27/12/2020;0;0;0;0;0;;;paid;7346;8;0;1;yes;0;%;Monterrey;Television;no;0;0;no;Suspendido;0;0
12524;01/12/2020;27/12/2020;0;0;0;0;0;;;paid;7347;8;0;1;yes;0;%;Monterrey;Television;no;0;0;no;Suspendido;0;0
12525;01/12/2020;27/12/2020;0;0;0;0;0;;;paid;7348;8;0;1;yes;0;%;Monterrey;Television;no;0;0;no;Suspendido;0;0
12526;01/12/2020;27/12/2020;-1786;0;0;0;-1786;;;paid;7349;8;0;1;yes;0;%;Monterrey;Television;no;0;0;no;Suspendido;0;0
12527;01/12/2020;27/12/2020;0;0;0;0;0;;;paid;7350;8;0;1;yes;0;%;Monterrey;Television;no;0;0;no;Suspendido;0;0
12528;01/12/2020;27/12/2020;0;0;0;0;0;;;paid;7351;8;0;1;yes;0;%;Monterrey;Television;no;0;0;no;Suspendido;0;0
12529;01/12/2020;27/12/2020;71008;0;0;3992;75000;;;due;7352;8;0;2;yes;0;%;Monterrey;Television;no;0;0;no;Suspendido;0;50000
12530;01/12/2020;27/12/2020;0;0;0;0;0;;;paid;7353;8;0;1;yes;0;%;Monterrey;Television;no;0;0;no;Suspendido;0;0
12531;01/12/2020;27/12/2020;50040;0;0;3992;54032;;;due;7354;8;0;2;yes;0;%;Monterrey;Television;no;0;0;no;Suspendido;0;29032
12532;01/12/2020;27/12/2020;0;0;0;0;0;;;paid;7355;8;0;1;yes;0;%;Monterrey;Television;no;0;0;no;Suspendido;0;0
12533;01/12/2020;27/12/2020;0;0;0;0;0;;;paid;7356;8;0;1;yes;0;%;Monterrey;Television;no;0;0;no;Suspendido;0;0
12534;01/12/2020;27/12/2020;0;0;0;0;0;;;paid;7357;8;0;1;yes;0;%;Monterrey;Television;no;0;0;no;Suspendido;0;0
12535;01/12/2020;27/12/2020;-12446;0;0;0;-12446;;;paid;7358;8;0;1;yes;0;%;Monterrey;Television;no;0;0;no;Suspendido;0;0
12536;01/12/2020;27/12/2020;46008;0;0;3992;50000;;;due;7359;8;0;2;yes;0;%;Monterrey;Television;no;0;0;no;Suspendido;0;25000
12537;01/12/2020;27/12/2020;-806;0;0;0;-806;;;paid;7360;8;0;1;yes;0;%;Monterrey;Television;no;0;0;no;Suspendido;0;0
12538;01/12/2020;27/12/2020;0;0;0;0;0;;;paid;7361;8;0;1;yes;0;%;Monterrey;Television;no;0;0;no;Suspendido;0;0
12539;01/12/2020;27/12/2020;0;0;0;0;0;;;paid;7362;8;0;1;yes;0;%;Monterrey;Television;no;0;0;no;Suspendido;0;0
12540;01/12/2020;27/12/2020;16129;0;0;0;16129;;;due;7363;8;0;1;yes;0;%;Monterrey;Television;no;0;0;no;Suspendido;0;0
12541;01/12/2020;27/12/2020;46008;0;0;3992;50000;;;due;7364;8;0;2;yes;0;%;Monterrey;Television;no;0;0;no;Suspendido;0;25000
12542;01/12/2020;27/12/2020;15835;0;0;0;15835;;;due;7365;8;0;1;yes;0;%;Monterrey;Television;no;0;0;no;Suspendido;0;0
12543;01/12/2020;27/12/2020;0;0;0;0;0;;;paid;7366;8;0;1;yes;0;%;Monterrey;Television;no;0;0;no;Suspendido;0;0
12544;01/12/2020;27/12/2020;0;0;0;0;0;;;paid;7367;8;0;1;yes;0;%;Monterrey;Television;no;0;0;no;Suspendido;0;0
12545;01/12/2020;27/12/2020;46008;0;0;3992;50000;;;due;7368;8;0;2;yes;0;%;Monterrey;Television;no;0;0;no;Suspendido;0;25000
12546;01/12/2020;27/12/2020;0;0;0;0;0;;;paid;7369;8;0;1;yes;0;%;Monterrey;Television;no;0;0;no;Suspendido;0;0
12547;01/12/2020;27/12/2020;0;0;0;0;0;;;paid;7370;8;0;1;yes;0;%;Monterrey;Television;no;0;0;no;Suspendido;0;0
12548;01/12/2020;27/12/2020;0;0;0;0;0;;;paid;7371;8;0;1;yes;0;%;Monterrey;Television;no;0;0;no;Suspendido;0;0
12549;01/12/2020;27/12/2020;0;0;0;0;0;;;paid;7372;8;0;1;yes;0;%;Monterrey;Television;no;0;0;no;Suspendido;0;0
12550;01/12/2020;27/12/2020;2503;0;0;0;2503;;;due;7373;8;0;1;yes;0;%;Monterrey;Television;no;0;0;no;Suspendido;0;0
12551;01/12/2020;27/12/2020;0;0;0;0;0;;;paid;7374;8;0;1;yes;0;%;Monterrey;Television;no;0;0;no;Suspendido;0;0
12552;01/12/2020;27/12/2020;0;0;0;0;0;;;paid;7375;8;0;1;yes;0;%;Monterrey;Television;no;0;0;no;Suspendido;0;0
12553;01/12/2020;27/12/2020;0;0;0;0;0;;;paid;7376;8;0;1;yes;0;%;Monterrey;Television;no;0;0;no;Suspendido;0;0
12554;01/12/2020;27/12/2020;17675;0;0;3992;21667;;;due;7377;8;0;1;yes;0;%;Monterrey;Television;no;0;0;no;Suspendido;0;0
12555;01/12/2020;27/12/2020;-7500;0;0;0;-7500;;;paid;7378;8;0;1;yes;0;%;Monterrey;Television;no;0;0;no;Suspendido;0;0
12556;01/12/2020;27/12/2020;0;0;0;0;0;;;paid;7379;8;0;1;yes;0;%;Monterrey;Television;no;0;0;no;Suspendido;0;0
12557;01/12/2020;27/12/2020;0;0;0;0;0;;;paid;7380;8;0;1;yes;0;%;Monterrey;Television;no;0;0;no;Suspendido;0;0
12558;01/12/2020;27/12/2020;20202;0;0;3992;24194;;;due;7381;8;0;1;yes;0;%;Monterrey;Television;no;0;0;no;Suspendido;0;0
12559;01/12/2020;27/12/2020;0;0;0;0;0;;;paid;7382;8;0;1;yes;0;%;Monterrey;Television;no;0;0;no;Suspendido;0;0
12560;01/12/2020;27/12/2020;0;0;0;0;0;;;paid;7383;8;0;1;yes;0;%;Monterrey;Television;no;0;0;no;Suspendido;0;0
12561;01/12/2020;27/12/2020;0;0;0;0;0;;;paid;7384;8;0;1;yes;0;%;Monterrey;Television;no;0;0;no;Suspendido;0;0
12562;01/12/2020;27/12/2020;0;0;0;0;0;;;paid;7385;8;0;1;yes;0;%;Monterrey;Television;no;0;0;no;Suspendido;0;0
12563;01/12/2020;27/12/2020;806;0;0;0;806;;;due;7386;8;0;1;yes;0;%;Monterrey;Television;no;0;0;no;Suspendido;0;0
12564;01/12/2020;27/12/2020;-1667;0;0;0;-1667;;;paid;7387;8;0;1;yes;0;%;Monterrey;Television;no;0;0;no;Suspendido;0;0
12565;01/12/2020;27/12/2020;-7258;0;0;0;-7258;;;paid;7388;8;0;1;yes;0;%;Monterrey;Television;no;0;0;no;Suspendido;0;0
12566;01/12/2020;27/12/2020;16976;0;0;3992;20968;;;due;7389;8;0;1;yes;0;%;Monterrey;Television;no;0;0;no;Suspendido;0;0
12567;01/12/2020;27/12/2020;0;0;0;0;0;;;paid;7390;8;0;1;yes;0;%;Monterrey;Television;no;0;0;no;Suspendido;0;0
12568;01/12/2020;27/12/2020;46008;0;0;3992;50000;;;due;7391;8;0;2;yes;0;%;Monterrey;Television;no;0;0;no;Suspendido;0;25000
12569;01/12/2020;27/12/2020;0;0;0;0;0;;;paid;7392;8;0;1;yes;0;%;Monterrey;Television;no;0;0;no;Suspendido;0;0
12570;01/12/2020;27/12/2020;0;0;0;0;0;;;paid;7393;8;0;1;yes;0;%;Monterrey;Television;no;0;0;no;Suspendido;0;0
12571;01/12/2020;27/12/2020;46008;0;0;3992;50000;;;due;7394;8;0;2;yes;0;%;Monterrey;Television;no;0;0;no;Suspendido;0;25000
12572;01/12/2020;27/12/2020;1613;0;0;0;1613;;;due;7395;8;0;1;yes;0;%;Monterrey;Television;no;0;0;no;Suspendido;0;0
12573;01/12/2020;27/12/2020;0;0;0;0;0;;;paid;7396;8;0;1;yes;0;%;Monterrey;Television;no;0;0;no;Suspendido;0;0
12574;01/12/2020;27/12/2020;0;0;0;0;0;;;paid;7397;8;0;1;yes;0;%;Monterrey;Television;no;0;0;no;Suspendido;0;0
12575;01/12/2020;27/12/2020;71008;0;0;3992;75000;;;due;7398;8;0;2;yes;0;%;Monterrey;Television;no;0;0;no;Suspendido;0;50000
12576;01/12/2020;27/12/2020;0;0;0;0;0;;;paid;7399;8;0;1;yes;0;%;Monterrey;Television;no;0;0;no;Suspendido;0;0
12577;01/12/2020;27/12/2020;0;0;0;0;0;;;paid;7400;8;0;1;yes;0;%;Monterrey;Television;no;0;0;no;Suspendido;0;0
12578;01/12/2020;27/12/2020;0;0;0;0;0;;;paid;7401;8;0;1;yes;0;%;Monterrey;Television;no;0;0;no;Suspendido;0;0
12579;01/12/2020;27/12/2020;0;0;0;0;0;;;paid;7402;8;0;1;yes;0;%;Monterrey;Television;no;0;0;no;Suspendido;0;0
12580;01/12/2020;27/12/2020;-22500;0;0;0;-22500;;;paid;7403;8;0;1;yes;0;%;Monterrey;Television;no;0;0;no;Suspendido;0;0
12581;01/12/2020;27/12/2020;0;0;0;0;0;;;paid;7404;8;0;1;yes;0;%;Monterrey;Television;no;0;0;no;Suspendido;0;0
12582;01/12/2020;27/12/2020;71008;0;0;3992;75000;;;due;7405;8;0;2;yes;0;%;Monterrey;Television;no;0;0;no;Suspendido;0;50000
12583;01/12/2020;27/12/2020;0;0;0;0;0;;;paid;7406;8;0;1;yes;0;%;Monterrey;Television;no;0;0;no;Suspendido;0;0
12584;01/12/2020;27/12/2020;0;0;0;0;0;;;paid;7407;8;0;1;yes;0;%;Monterrey;Television;no;0;0;no;Suspendido;0;0
12585;01/12/2020;27/12/2020;0;0;0;0;0;;;paid;7408;8;0;1;yes;0;%;Monterrey;Television;no;0;0;no;Suspendido;0;0
12586;01/12/2020;27/12/2020;57208;0;0;3992;61200;;;due;7409;8;0;2;yes;0;%;Monterrey;Television;no;0;0;no;Suspendido;0;36200
12587;01/12/2020;27/12/2020;71008;0;0;3992;75000;;;due;7410;8;0;2;yes;0;%;Monterrey;Television;no;0;0;no;Suspendido;0;50000
12588;01/12/2020;27/12/2020;0;0;0;0;0;;;paid;7411;8;0;1;yes;0;%;Monterrey;Television;no;0;0;no;Suspendido;0;0
12589;01/12/2020;27/12/2020;71008;0;0;3992;75000;;;due;7412;8;0;2;yes;0;%;Monterrey;Television;no;0;0;no;Suspendido;0;50000
12590;01/12/2020;27/12/2020;0;0;0;0;0;;;paid;7413;8;0;1;yes;0;%;Monterrey;Television;no;0;0;no;Suspendido;0;0
12591;01/12/2020;27/12/2020;121008;0;0;3992;125000;;;due;7414;8;0;2;yes;0;%;Monterrey;Television;no;0;0;no;Suspendido;0;100000
12592;01/12/2020;27/12/2020;-6;0;0;0;-6;;;paid;7415;8;0;1;yes;0;%;Monterrey;Television;no;0;0;no;Suspendido;0;0
12593;01/12/2020;27/12/2020;0;0;0;0;0;;;paid;7416;8;0;1;yes;0;%;Monterrey;Television;no;0;0;no;Suspendido;0;0
12594;01/12/2020;27/12/2020;3339;0;0;0;3339;;;due;7417;8;0;1;yes;0;%;Monterrey;Television;no;0;0;no;Suspendido;0;0
12595;01/12/2020;27/12/2020;-16694;0;0;0;-16694;;;paid;7418;8;0;1;yes;0;%;Monterrey;Television;no;0;0;no;Suspendido;0;0
12596;01/12/2020;27/12/2020;0;0;0;0;0;;;paid;7419;8;0;1;yes;0;%;Monterrey;Television;no;0;0;no;Suspendido;0;0
12597;01/12/2020;27/12/2020;-1613;0;0;0;-1613;;;paid;7420;8;0;1;yes;0;%;Monterrey;Television;no;0;0;no;Suspendido;0;0
12598;01/12/2020;27/12/2020;0;0;0;0;0;;;paid;7421;8;0;1;yes;0;%;Monterrey;Television;no;0;0;no;Suspendido;0;0
12599;01/12/2020;27/12/2020;0;0;0;0;0;;;paid;7422;8;0;1;yes;0;%;Monterrey;Television;no;0;0;no;Suspendido;0;0
12600;01/12/2020;27/12/2020;0;0;0;0;0;;;paid;7423;8;0;1;yes;0;%;Monterrey;Television;no;0;0;no;Suspendido;0;0
12601;01/12/2020;27/12/2020;-17742;0;0;0;-17742;;;paid;7424;8;0;1;yes;0;%;Monterrey;Television;no;0;0;no;Suspendido;0;0
12602;01/12/2020;27/12/2020;0;0;0;0;0;;;paid;7425;8;0;1;yes;0;%;Monterrey;Television;no;0;0;no;Suspendido;0;0
12603;01/12/2020;27/12/2020;0;0;0;0;0;;;paid;7426;8;0;1;yes;0;%;Monterrey;Television;no;0;0;no;Suspendido;0;0
12604;01/12/2020;27/12/2020;0;0;0;0;0;;;paid;7427;8;0;1;yes;0;%;Monterrey;Television;no;0;0;no;Suspendido;0;0
12605;01/12/2020;27/12/2020;-13710;0;0;0;-13710;;;paid;7428;8;0;1;yes;0;%;Monterrey;Television;no;0;0;no;Suspendido;0;0
12606;01/12/2020;27/12/2020;0;0;0;0;0;;;paid;7429;8;0;1;yes;0;%;Monterrey;Television;no;0;0;no;Suspendido;0;0
12607;01/12/2020;27/12/2020;0;0;0;0;0;;;paid;7430;8;0;1;yes;0;%;Monterrey;Television;no;0;0;no;Suspendido;0;0
12608;01/12/2020;27/12/2020;0;0;0;0;0;;;paid;7431;8;0;1;yes;0;%;Monterrey;Television;no;0;0;no;Suspendido;0;0
12609;01/12/2020;27/12/2020;71008;0;0;3992;75000;;;due;7432;8;0;2;yes;0;%;Monterrey;Television;no;0;0;no;Suspendido;0;50000
12610;01/12/2020;27/12/2020;0;0;0;0;0;;;paid;7433;8;0;1;yes;0;%;Monterrey;Television;no;0;0;no;Suspendido;0;0
12611;01/12/2020;27/12/2020;0;0;0;0;0;;;paid;7434;8;0;1;yes;0;%;Monterrey;Television;no;0;0;no;Suspendido;0;0
12612;01/12/2020;27/12/2020;96008;0;0;3992;100000;;;due;7435;8;0;2;yes;0;%;Monterrey;Television;no;0;0;no;Suspendido;0;75000
12613;01/12/2020;27/12/2020;0;0;0;0;0;;;paid;7436;8;0;1;yes;0;%;Monterrey;Television;no;0;0;no;Suspendido;0;0
12614;01/12/2020;27/12/2020;-1786;0;0;0;-1786;;;paid;7437;8;0;1;yes;0;%;Monterrey;Television;no;0;0;no;Suspendido;0;0
12615;01/12/2020;27/12/2020;0;0;0;0;0;;;paid;7438;8;0;1;yes;0;%;Monterrey;Television;no;0;0;no;Suspendido;0;0
12616;01/12/2020;27/12/2020;0;0;0;0;0;;;paid;7439;8;0;1;yes;0;%;Monterrey;Television;no;0;0;no;Suspendido;0;0
12617;01/12/2020;27/12/2020;0;0;0;0;0;;;paid;7440;8;0;1;yes;0;%;Monterrey;Television;no;0;0;no;Suspendido;0;0
12618;01/12/2020;27/12/2020;0;0;0;0;0;;;paid;7441;8;0;1;yes;0;%;Monterrey;Television;no;0;0;no;Suspendido;0;0
12619;01/12/2020;27/12/2020;46008;0;0;3992;50000;;;due;7442;8;0;2;yes;0;%;Monterrey;Television;no;0;0;no;Suspendido;0;25000
12620;01/12/2020;27/12/2020;-3333;0;0;0;-3333;;;paid;7443;8;0;1;yes;0;%;Monterrey;Television;no;0;0;no;Suspendido;0;0
12621;01/12/2020;27/12/2020;51008;0;0;3992;55000;;;due;7444;8;0;2;yes;0;%;Monterrey;Television;no;0;0;no;Suspendido;0;30000
12622;01/12/2020;27/12/2020;-5500;0;0;0;-5500;;;paid;7445;8;0;2;yes;0;%;Monterrey;Television;3Megas;0;0;no;Suspendido;0;0
12623;01/12/2020;27/12/2020;0;0;0;0;0;;;paid;7446;8;0;1;yes;0;%;Monterrey;Television;no;0;0;no;Suspendido;0;0
12624;01/12/2020;27/12/2020;86008;0;0;3992;90000;;;due;7447;8;0;2;yes;0;%;Monterrey;Television;no;0;0;no;Suspendido;0;65000
12625;01/12/2020;27/12/2020;0;0;0;0;0;;;paid;7448;8;0;1;yes;0;%;Monterrey;Television;no;0;0;no;Suspendido;0;0
12626;01/12/2020;27/12/2020;4839;0;0;0;4839;;;due;7449;8;0;1;yes;0;%;Monterrey;Television;no;0;0;no;Suspendido;0;0
12627;01/12/2020;27/12/2020;-16667;0;0;0;-16667;;;paid;7450;8;0;1;yes;0;%;Monterrey;Television;no;0;0;no;Suspendido;0;0
12628;01/12/2020;27/12/2020;0;0;0;0;0;;;paid;7451;8;0;1;yes;0;%;Monterrey;Television;no;0;0;no;Suspendido;0;0
12629;01/12/2020;27/12/2020;0;0;0;0;0;;;paid;7452;8;0;1;yes;0;%;Monterrey;Television;no;0;0;no;Suspendido;0;0
12630;01/12/2020;27/12/2020;1;0;0;0;1;;;due;7453;8;0;1;yes;0;%;Monterrey;Television;no;0;0;no;Suspendido;0;0
12631;01/12/2020;27/12/2020;-18548;0;0;0;-18548;;;paid;7454;8;0;1;yes;0;%;Monterrey;Television;no;0;0;no;Suspendido;0;0
12632;01/12/2020;27/12/2020;55282;0;0;3992;59274;;;due;7455;8;0;2;yes;0;%;Monterrey;Television;no;0;0;no;Suspendido;0;34274
12633;01/12/2020;27/12/2020;-806;0;0;0;-806;;;paid;7456;8;0;1;yes;0;%;Monterrey;Television;no;0;0;no;Suspendido;0;0
12634;01/12/2020;27/12/2020;-1019;0;0;0;-1019;;;paid;7457;8;0;1;yes;0;%;Monterrey;Television;no;0;0;no;Suspendido;0;0
12635;01/12/2020;27/12/2020;0;0;0;0;0;;;paid;7458;8;0;2;yes;0;%;Monterrey;Television;3Megas;0;0;no;Suspendido;0;0
12636;01/12/2020;27/12/2020;-3333;0;0;0;-3333;;;paid;7459;8;0;1;yes;0;%;Monterrey;Television;no;0;0;no;Suspendido;0;0
12637;01/12/2020;27/12/2020;-3;0;0;0;-3;;;paid;7460;8;0;1;yes;0;%;Monterrey;Television;no;0;0;no;Suspendido;0;0
12638;01/12/2020;27/12/2020;0;0;0;0;0;;;paid;7461;8;0;1;yes;0;%;Monterrey;Television;no;0;0;no;Suspendido;0;0
12639;01/12/2020;27/12/2020;-24167;0;0;0;-24167;;;paid;7462;8;0;1;yes;0;%;Monterrey;Television;no;0;0;no;Suspendido;0;0
12640;01/12/2020;27/12/2020;-1786;0;0;0;-1786;;;paid;7463;8;0;1;yes;0;%;Monterrey;Television;no;0;0;no;Suspendido;0;0
12641;01/12/2020;27/12/2020;20073;0;0;3992;24065;;;due;7464;8;0;1;yes;0;%;Monterrey;Television;no;0;0;no;Suspendido;0;0
12642;01/12/2020;27/12/2020;0;0;0;0;0;;;paid;7465;8;0;1;yes;0;%;Monterrey;Television;no;0;0;no;Suspendido;0;0
12643;01/12/2020;27/12/2020;0;0;0;0;0;;;paid;7466;8;0;1;yes;0;%;Monterrey;Television;no;0;0;no;Suspendido;0;0
12644;01/12/2020;27/12/2020;0;0;0;0;0;;;paid;7467;8;0;1;yes;0;%;Monterrey;Television;no;0;0;no;Suspendido;0;0
12645;01/12/2020;27/12/2020;46008;0;0;3992;50000;;;due;7468;8;0;2;yes;0;%;Monterrey;Television;no;0;0;no;Suspendido;0;25000
12646;01/12/2020;27/12/2020;39008;0;0;3992;43000;;;due;7469;8;0;2;yes;0;%;Monterrey;Television;no;0;0;no;Suspendido;0;18000
12647;01/12/2020;27/12/2020;-17500;0;0;0;-17500;;;paid;7470;8;0;1;yes;0;%;Monterrey;Television;no;0;0;no;Suspendido;0;0
12648;01/12/2020;27/12/2020;-1613;0;0;0;-1613;;;paid;7471;8;0;1;yes;0;%;Monterrey;Television;no;0;0;no;Suspendido;0;0
12649;01/12/2020;27/12/2020;-9677;0;0;0;-9677;;;paid;7472;8;0;2;yes;0;%;Monterrey;Television;3Megas;0;0;no;Suspendido;0;0
12650;01/12/2020;27/12/2020;-3226;0;0;0;-3226;;;paid;7473;8;0;1;yes;0;%;Monterrey;Television;no;0;0;no;Suspendido;0;0
12651;01/12/2020;27/12/2020;0;0;0;0;0;;;paid;7474;8;0;1;yes;0;%;Monterrey;Television;no;0;0;no;Suspendido;0;0
12652;01/12/2020;27/12/2020;0;0;0;0;0;;;paid;7475;8;0;1;yes;0;%;Monterrey;Television;no;0;0;no;Suspendido;0;0
12653;01/12/2020;27/12/2020;0;0;0;0;0;;;paid;7476;8;0;1;yes;0;%;Monterrey;Television;no;0;0;no;Suspendido;0;0
12654;01/12/2020;27/12/2020;0;0;0;0;0;;;paid;7477;8;0;1;yes;0;%;Monterrey;Television;no;0;0;no;Suspendido;0;0
12655;01/12/2020;27/12/2020;0;0;0;0;0;;;paid;7478;8;0;1;yes;0;%;Monterrey;Television;no;0;0;no;Suspendido;0;0
12656;01/12/2020;27/12/2020;58508;0;0;3992;62500;;;due;7479;8;0;2;yes;0;%;Monterrey;Television;no;0;0;no;Suspendido;0;37500
12657;01/12/2020;27/12/2020;0;0;0;0;0;;;paid;7480;8;0;1;yes;0;%;Monterrey;Television;no;0;0;no;Suspendido;0;0
12658;01/12/2020;27/12/2020;0;0;0;0;0;;;paid;7481;8;0;1;yes;0;%;Monterrey;Television;no;0;0;no;Suspendido;0;0
12659;01/12/2020;27/12/2020;0;0;0;0;0;;;paid;7482;8;0;1;yes;0;%;Monterrey;Television;no;0;0;no;Suspendido;0;0
12660;01/12/2020;27/12/2020;0;0;0;0;0;;;paid;7483;8;0;1;yes;0;%;Monterrey;Television;no;0;0;no;Suspendido;0;0
12661;01/12/2020;27/12/2020;-10833;0;0;0;-10833;;;paid;7484;8;0;1;yes;0;%;Monterrey;Television;no;0;0;no;Suspendido;0;0
12662;01/12/2020;27/12/2020;46008;0;0;3992;50000;;;due;7485;8;0;2;yes;0;%;Monterrey;Television;no;0;0;no;Suspendido;0;25000
12663;01/12/2020;27/12/2020;0;0;0;0;0;;;paid;7486;8;0;1;yes;0;%;Monterrey;Television;no;0;0;no;Suspendido;0;0
12664;01/12/2020;27/12/2020;0;0;0;0;0;;;paid;7487;8;0;1;yes;0;%;Monterrey;Television;no;0;0;no;Suspendido;0;0
12665;01/12/2020;27/12/2020;35175;0;0;3992;39167;;;due;7488;8;0;2;yes;0;%;Monterrey;Television;no;0;0;no;Suspendido;0;14167
12666;01/12/2020;27/12/2020;0;0;0;0;0;;;paid;7489;8;0;1;yes;0;%;Monterrey;Television;no;0;0;no;Suspendido;0;0
12667;01/12/2020;27/12/2020;-16667;0;0;0;-16667;;;paid;7490;8;0;1;yes;0;%;Monterrey;Television;no;0;0;no;Suspendido;0;0
12668;01/12/2020;27/12/2020;-806;0;0;0;-806;;;paid;7491;8;0;1;yes;0;%;Monterrey;Television;no;0;0;no;Suspendido;0;0
12669;01/12/2020;27/12/2020;0;0;0;0;0;;;paid;7492;8;0;1;yes;0;%;Monterrey;Television;no;0;0;no;Suspendido;0;0
12670;01/12/2020;27/12/2020;0;0;0;0;0;;;paid;7493;8;0;1;yes;0;%;Monterrey;Television;no;0;0;no;Suspendido;0;0
12671;01/12/2020;27/12/2020;-1613;0;0;0;-1613;;;paid;7494;8;0;1;yes;0;%;Monterrey;Television;no;0;0;no;Suspendido;0;0
12672;01/12/2020;27/12/2020;0;0;0;0;0;;;paid;7495;8;0;1;yes;0;%;Monterrey;Television;no;0;0;no;Suspendido;0;0
12673;01/12/2020;27/12/2020;96008;0;0;3992;100000;;;due;7496;8;0;2;yes;0;%;Monterrey;Television;no;0;0;no;Suspendido;0;75000
12674;01/12/2020;27/12/2020;0;0;0;0;0;;;paid;7497;8;0;1;yes;0;%;Monterrey;Television;no;0;0;no;Suspendido;0;0
12675;01/12/2020;27/12/2020;46008;0;0;3992;50000;;;due;7498;8;0;2;yes;0;%;Monterrey;Television;no;0;0;no;Suspendido;0;25000
12676;01/12/2020;27/12/2020;-3226;0;0;0;-3226;;;paid;7499;8;0;1;yes;0;%;Monterrey;Television;no;0;0;no;Suspendido;0;0
12677;01/12/2020;27/12/2020;71008;0;0;3992;75000;;;due;7500;8;0;2;yes;0;%;Monterrey;Television;no;0;0;no;Suspendido;0;50000
12678;01/12/2020;27/12/2020;0;0;0;0;0;;;paid;7501;8;0;1;yes;0;%;Monterrey;Television;no;0;0;no;Suspendido;0;0
12679;01/12/2020;27/12/2020;0;0;0;0;0;;;paid;7502;8;0;1;yes;0;%;Monterrey;Television;no;0;0;no;Suspendido;0;0
12680;01/12/2020;27/12/2020;0;0;0;0;0;;;paid;7503;8;0;1;yes;0;%;Monterrey;Television;no;0;0;no;Suspendido;0;0
12681;01/12/2020;27/12/2020;0;0;0;0;0;;;paid;7504;8;0;1;yes;0;%;Monterrey;Television;no;0;0;no;Suspendido;0;0
12682;01/12/2020;27/12/2020;100008;0;0;3992;104000;;;due;7505;8;0;2;yes;0;%;Monterrey;Television;no;0;0;no;Suspendido;0;79000
12683;01/12/2020;27/12/2020;42675;0;0;3992;46667;;;due;7506;8;0;2;yes;0;%;Monterrey;Television;no;0;0;no;Suspendido;0;21667
12684;01/12/2020;27/12/2020;0;0;0;0;0;;;paid;7507;8;0;1;yes;0;%;Monterrey;Television;no;0;0;no;Suspendido;0;0
12685;01/12/2020;27/12/2020;0;0;0;0;0;;;paid;7508;8;0;1;yes;0;%;Monterrey;Television;no;0;0;no;Suspendido;0;0
12686;01/12/2020;27/12/2020;0;0;0;0;0;;;paid;7509;8;0;1;yes;0;%;Monterrey;Television;no;0;0;no;Suspendido;0;0
12687;01/12/2020;27/12/2020;0;0;0;0;0;;;paid;7510;8;0;1;yes;0;%;Monterrey;Television;no;0;0;no;Suspendido;0;0
12688;01/12/2020;27/12/2020;46008;0;0;3992;50000;;;due;7511;8;0;2;yes;0;%;Monterrey;Television;no;0;0;no;Suspendido;0;25000
12689;01/12/2020;27/12/2020;0;0;0;0;0;;;paid;7512;8;0;1;yes;0;%;Monterrey;Television;no;0;0;no;Suspendido;0;0
12690;01/12/2020;27/12/2020;0;0;0;0;0;;;paid;7513;8;0;1;yes;0;%;Monterrey;Television;no;0;0;no;Suspendido;0;0
12691;01/12/2020;27/12/2020;-3226;0;0;0;-3226;;;paid;7514;8;0;1;yes;0;%;Monterrey;Television;no;0;0;no;Suspendido;0;0
12692;01/12/2020;27/12/2020;0;0;0;0;0;;;paid;7515;8;0;1;yes;0;%;Monterrey;Television;no;0;0;no;Suspendido;0;0
12693;01/12/2020;27/12/2020;0;0;0;0;0;;;paid;7516;8;0;1;yes;0;%;Monterrey;Television;no;0;0;no;Suspendido;0;0
12694;01/12/2020;27/12/2020;-2500;0;0;0;-2500;;;paid;7517;8;0;1;yes;0;%;Monterrey;Television;no;0;0;no;Suspendido;0;0
12695;01/12/2020;27/12/2020;0;0;0;0;0;;;paid;7518;8;0;1;yes;0;%;Monterrey;Television;no;0;0;no;Suspendido;0;0
12696;01/12/2020;27/12/2020;0;0;0;0;0;;;paid;7519;8;0;1;yes;0;%;Monterrey;Television;no;0;0;no;Suspendido;0;0
12697;01/12/2020;27/12/2020;0;0;0;0;0;;;paid;7520;8;0;1;yes;0;%;Monterrey;Television;no;0;0;no;Suspendido;0;0
12698;01/12/2020;27/12/2020;0;0;0;0;0;;;paid;7521;8;0;1;yes;0;%;Monterrey;Television;no;0;0;no;Suspendido;0;0
12699;01/12/2020;27/12/2020;46008;0;0;3992;50000;;;due;7522;8;0;2;yes;0;%;Monterrey;Television;no;0;0;no;Suspendido;0;25000
12700;01/12/2020;27/12/2020;0;0;0;0;0;;;paid;7523;8;0;1;yes;0;%;Monterrey;Television;no;0;0;no;Suspendido;0;0
12701;01/12/2020;27/12/2020;46008;0;0;3992;50000;;;due;7524;8;0;2;yes;0;%;Monterrey;Television;no;0;0;no;Suspendido;0;25000
12702;01/12/2020;27/12/2020;49492;0;0;3992;53484;;;due;7525;8;0;2;yes;0;%;Monterrey;Television;no;0;0;no;Suspendido;0;28484
12703;01/12/2020;27/12/2020;7744;0;0;3992;11736;;;due;7526;8;0;1;yes;0;%;Monterrey;Television;no;0;0;no;Suspendido;0;0
12704;01/12/2020;27/12/2020;0;0;0;0;0;;;paid;7527;8;0;1;yes;0;%;Monterrey;Television;no;0;0;no;Suspendido;0;0
12705;01/12/2020;27/12/2020;18334;0;0;0;18334;;;due;7528;8;0;1;yes;0;%;Monterrey;Television;no;0;0;no;Suspendido;0;0
12706;01/12/2020;27/12/2020;71008;0;0;3992;75000;;;due;7529;8;0;2;yes;0;%;Monterrey;Television;no;0;0;no;Suspendido;0;50000
12707;01/12/2020;27/12/2020;0;0;0;0;0;;;paid;7530;8;0;1;yes;0;%;Monterrey;Television;no;0;0;no;Suspendido;0;0
12708;01/12/2020;27/12/2020;0;0;0;0;0;;;paid;7531;8;0;1;yes;0;%;Monterrey;Television;no;0;0;no;Suspendido;0;0
12709;01/12/2020;27/12/2020;1;0;0;0;1;;;due;7532;8;0;1;yes;0;%;Monterrey;Television;no;0;0;no;Suspendido;0;0
12710;01/12/2020;27/12/2020;0;0;0;0;0;;;paid;7533;8;0;1;yes;0;%;Monterrey;Television;no;0;0;no;Suspendido;0;0
12711;01/12/2020;27/12/2020;85408;0;0;3992;89400;;;due;7534;8;0;2;yes;0;%;Monterrey;Television;no;0;0;no;Suspendido;0;64400
12712;01/12/2020;27/12/2020;62808;0;0;3992;66800;;;due;7535;8;0;2;yes;0;%;Monterrey;Television;no;0;0;no;Suspendido;0;41800
12713;01/12/2020;27/12/2020;1;0;0;0;1;;;due;7536;8;0;1;yes;0;%;Monterrey;Television;no;0;0;no;Suspendido;0;0
12714;01/12/2020;27/12/2020;0;0;0;0;0;;;paid;7537;8;0;1;yes;0;%;Monterrey;Television;no;0;0;no;Suspendido;0;0
12715;01/12/2020;27/12/2020;0;0;0;0;0;;;paid;7538;8;0;1;yes;0;%;Monterrey;Television;no;0;0;no;Suspendido;0;0
12716;01/12/2020;27/12/2020;53508;0;0;3992;57500;;;due;7539;8;0;2;yes;0;%;Monterrey;Television;no;0;0;no;Suspendido;0;32500
12717;01/12/2020;27/12/2020;0;0;0;0;0;;;paid;7540;8;0;1;yes;0;%;Monterrey;Television;no;0;0;no;Suspendido;0;0
12718;01/12/2020;27/12/2020;0;0;0;0;0;;;paid;7541;8;0;1;yes;0;%;Monterrey;Television;no;0;0;no;Suspendido;0;0
12719;01/12/2020;27/12/2020;-16071;0;0;0;-16071;;;paid;7542;8;0;1;yes;0;%;Monterrey;Television;no;0;0;no;Suspendido;0;0
12720;01/12/2020;27/12/2020;-25000;0;0;0;-25000;;;paid;7543;8;0;1;yes;0;%;Monterrey;Television;no;0;0;no;Suspendido;0;0
12721;01/12/2020;27/12/2020;0;0;0;0;0;;;paid;7544;8;0;1;yes;0;%;Monterrey;Television;no;0;0;no;Suspendido;0;0
12722;01/12/2020;27/12/2020;-13710;0;0;0;-13710;;;paid;7545;8;0;1;yes;0;%;Monterrey;Television;no;0;0;no;Suspendido;0;0
12723;01/12/2020;27/12/2020;16935;0;0;0;16935;;;due;7546;8;0;1;yes;0;%;Monterrey;Television;no;0;0;no;Suspendido;0;0
12724;01/12/2020;27/12/2020;-9167;0;0;0;-9167;;;paid;7547;8;0;1;yes;0;%;Monterrey;Television;no;0;0;no;Suspendido;0;0
12725;01/12/2020;27/12/2020;0;0;0;0;0;;;paid;7548;8;0;1;yes;0;%;Monterrey;Television;no;0;0;no;Suspendido;0;0
12726;01/12/2020;27/12/2020;0;0;0;0;0;;;paid;7549;8;0;1;yes;0;%;Monterrey;Television;no;0;0;no;Suspendido;0;0
12727;01/12/2020;27/12/2020;0;0;0;0;0;;;paid;7550;8;0;1;yes;0;%;Monterrey;Television;no;0;0;no;Suspendido;0;0
12728;01/12/2020;27/12/2020;-21773;0;0;0;-21773;;;paid;7551;8;0;1;yes;0;%;Monterrey;Television;no;0;0;no;Suspendido;0;0
12729;01/12/2020;27/12/2020;0;0;0;0;0;;;paid;7552;8;0;1;yes;0;%;Monterrey;Television;no;0;0;no;Suspendido;0;0
12730;01/12/2020;27/12/2020;1;0;0;0;1;;;due;7553;8;0;1;yes;0;%;Monterrey;Television;no;0;0;no;Suspendido;0;0
12731;01/12/2020;27/12/2020;0;0;0;0;0;;;paid;7554;8;0;1;yes;0;%;Monterrey;Television;no;0;0;no;Suspendido;0;0
12732;01/12/2020;27/12/2020;-3333;0;0;0;-3333;;;paid;7555;8;0;1;yes;0;%;Monterrey;Television;no;0;0;no;Suspendido;0;0
12733;01/12/2020;27/12/2020;0;0;0;0;0;;;paid;7556;8;0;1;yes;0;%;Monterrey;Television;no;0;0;no;Suspendido;0;0
12734;01/12/2020;27/12/2020;46008;0;0;3992;50000;;;due;7557;8;0;2;yes;0;%;Monterrey;Television;no;0;0;no;Suspendido;0;25000
12735;01/12/2020;27/12/2020;0;0;0;0;0;;;paid;7558;8;0;1;yes;0;%;Monterrey;Television;no;0;0;no;Suspendido;0;0
12736;01/12/2020;27/12/2020;-12097;0;0;0;-12097;;;paid;7559;8;0;1;yes;0;%;Monterrey;Television;no;0;0;no;Suspendido;0;0
12737;01/12/2020;27/12/2020;0;0;0;0;0;;;paid;7560;8;0;1;yes;0;%;Monterrey;Television;no;0;0;no;Suspendido;0;0
12738;01/12/2020;27/12/2020;20966;0;0;3992;24958;;;due;7561;8;0;1;yes;0;%;Monterrey;Television;no;0;0;no;Suspendido;0;0
12739;01/12/2020;27/12/2020;-14516;0;0;0;-14516;;;paid;7562;8;0;1;yes;0;%;Monterrey;Television;no;0;0;no;Suspendido;0;0
12740;01/12/2020;27/12/2020;1613;0;0;0;1613;;;due;7563;8;0;1;yes;0;%;Monterrey;Television;no;0;0;no;Suspendido;0;0
12741;01/12/2020;27/12/2020;46008;0;0;3992;50000;;;due;7564;8;0;2;yes;0;%;Monterrey;Television;no;0;0;no;Suspendido;0;25000
12742;01/12/2020;27/12/2020;0;0;0;0;0;;;paid;7565;8;0;1;yes;0;%;Monterrey;Television;no;0;0;no;Suspendido;0;0
12743;01/12/2020;27/12/2020;0;0;0;0;0;;;paid;7566;8;0;1;yes;0;%;Monterrey;Television;no;0;0;no;Suspendido;0;0
12744;01/12/2020;27/12/2020;0;0;0;0;0;;;paid;7567;8;0;1;yes;0;%;Monterrey;Television;no;0;0;no;Suspendido;0;0
12745;01/12/2020;27/12/2020;0;0;0;0;0;;;paid;7568;8;0;1;yes;0;%;Monterrey;Television;no;0;0;no;Suspendido;0;0
12746;01/12/2020;27/12/2020;45202;0;0;3992;49194;;;due;7569;8;0;2;yes;0;%;Monterrey;Television;no;0;0;no;Suspendido;0;24194
12747;01/12/2020;27/12/2020;20968;0;0;0;20968;;;due;7570;8;0;2;yes;0;%;Monterrey;Television;5Megas;0;0;no;Suspendido;0;0
12748;01/12/2020;27/12/2020;0;0;0;0;0;;;paid;7571;8;0;1;yes;0;%;Monterrey;Television;no;0;0;no;Suspendido;0;0
12749;01/12/2020;27/12/2020;-16071;0;0;0;-16071;;;paid;7572;8;0;1;yes;0;%;Monterrey;Television;no;0;0;no;Suspendido;0;0
12750;01/12/2020;27/12/2020;0;0;0;0;0;;;paid;7573;8;0;1;yes;0;%;Monterrey;Television;no;0;0;no;Suspendido;0;0
12751;01/12/2020;27/12/2020;0;0;0;0;0;;;paid;7574;8;0;1;yes;0;%;Monterrey;Television;no;0;0;no;Suspendido;0;0
12752;01/12/2020;27/12/2020;94408;0;0;3992;98400;;;due;7575;8;0;2;yes;0;%;Monterrey;Television;no;0;0;no;Suspendido;0;73400
12753;01/12/2020;27/12/2020;0;0;0;0;0;;;paid;7576;8;0;1;yes;0;%;Monterrey;Television;no;0;0;no;Suspendido;0;0
12754;01/12/2020;27/12/2020;0;0;0;0;0;;;paid;7577;8;0;1;yes;0;%;Monterrey;Television;no;0;0;no;Suspendido;0;0
12755;01/12/2020;27/12/2020;5714;0;0;0;5714;;;due;7578;8;0;1;yes;0;%;Monterrey;Television;no;0;0;no;Suspendido;0;0
